Workbook
Name cohortData: Table2[#All]
Name CohortIndex: Table2[CohortIndex]
Name CohortMonthYear: Table2[CohortMonth]
Name sort_column: Sheet1!$C$1
Name UniqueInPeriod: Table2[UniqueInPeriod]

Sheet Transactions
A1: Raw transactions from cohort_analysis_data.csv (columns A:C exact copy, D:F computed by formulas)
A2: CustomerID | B2: TransactionDate | C2: Sales | D2: OrderMonth | E2: CohortMonth | F2: CohortIndex | G2: UniqueInPeriod
A3: 103 | B3: 45355.367 | C3: 642 | D3: =EOMONTH(B3,-1)+1 -> 45352 | E3: =_xlfn.MINIFS(D$3:D$1002,A$3:A$1002,A3) -> 45352 | F3: =DATEDIF(E3,D3,"M") -> 0 | G3: =IF(COUNTIFS(A$3:A3,A3,F$3:F3,F3)=1,1,0) -> 1
A4: 436 | B4: 45500.455 | C4: 295 | D4: =EOMONTH(B4,-1)+1 -> 45474 | E4: =_xlfn.MINIFS(D$3:D$1002,A$3:A$1002,A4) -> 45474 | F4: =DATEDIF(E4,D4,"M") -> 0 | G4: =IF(COUNTIFS(A$3:A4,A4,F$3:F4,F4)=1,1,0) -> 1
A5: 861 | B5: 45604.433 | C5: 158 | D5: =EOMONTH(B5,-1)+1 -> 45597 | E5: =_xlfn.MINIFS(D$3:D$1002,A$3:A$1002,A5) -> 45323 | F5: =DATEDIF(E5,D5,"M") -> 9 | G5: =IF(COUNTIFS(A$3:A5,A5,F$3:F5,F5)=1,1,0) -> 1
A6: 271 | B6: 45293.378 | C6: 93 | D6: =EOMONTH(B6,-1)+1 -> 45292 | E6: =_xlfn.MINIFS(D$3:D$1002,A$3:A$1002,A6) -> 45292 | F6: =DATEDIF(E6,D6,"M") -> 0 | G6: =IF(COUNTIFS(A$3:A6,A6,F$3:F6,F6)=1,1,0) -> 1
A7: 107 | B7: 45494.403 | C7: 975 | D7: =EOMONTH(B7,-1)+1 -> 45474 | E7: =_xlfn.MINIFS(D$3:D$1002,A$3:A$1002,A7) -> 45474 | F7: =DATEDIF(E7,D7,"M") -> 0 | G7: =IF(COUNTIFS(A$3:A7,A7,F$3:F7,F7)=1,1,0) -> 1
A8: 72 | B8: 45297.608 | C8: 415 | D8: =EOMONTH(B8,-1)+1 -> 45292 | E8: =_xlfn.MINIFS(D$3:D$1002,A$3:A$1002,A8) -> 45292 | F8: =DATEDIF(E8,D8,"M") -> 0 | G8: =IF(COUNTIFS(A$3:A8,A8,F$3:F8,F8)=1,1,0) -> 1
A9: 701 | B9: 45373.284 | C9: 987 | D9: =EOMONTH(B9,-1)+1 -> 45352 | E9: =_xlfn.MINIFS(D$3:D$1002,A$3:A$1002,A9) -> 45352 | F9: =DATEDIF(E9,D9,"M") -> 0 | G9: =IF(COUNTIFS(A$3:A9,A9,F$3:F9,F9)=1,1,0) -> 1
A10: 21 | B10: 45298.722 | C10: 465 | D10: =EOMONTH(B10,-1)+1 -> 45292 | E10: =_xlfn.MINIFS(D$3:D$1002,A$3:A$1002,A10) -> 45292 | F10: =DATEDIF(E10,D10,"M") -> 0 | G10: =IF(COUNTIFS(A$3:A10,A10,F$3:F10,F10)=1,1,0) -> 1
A11: 615 | B11: 45540.603 | C11: 752 | D11: =EOMONTH(B11,-1)+1 -> 45536 | E11: =_xlfn.MINIFS(D$3:D$1002,A$3:A$1002,A11) -> 45536 | F11: =DATEDIF(E11,D11,"M") -> 0 | G11: =IF(COUNTIFS(A$3:A11,A11,F$3:F11,F11)=1,1,0) -> 1
A12: 122 | B12: 45360.759 | C12: 809 | D12: =EOMONTH(B12,-1)+1 -> 45352 | E12: =_xlfn.MINIFS(D$3:D$1002,A$3:A$1002,A12) -> 45323 | F12: =DATEDIF(E12,D12,"M") -> 1 | G12: =IF(COUNTIFS(A$3:A12,A12,F$3:F12,F12)=1,1,0) -> 1
A13: 467 | B13: 45385.532 | C13: 170 | D13: =EOMONTH(B13,-1)+1 -> 45383 | E13: =_xlfn.MINIFS(D$3:D$1002,A$3:A$1002,A13) -> 45383 | F13: =DATEDIF(E13,D13,"M") -> 0 | G13: =IF(COUNTIFS(A$3:A13,A13,F$3:F13,F13)=1,1,0) -> 1
A14: 215 | B14: 45453.623 | C14: 793 | D14: =EOMONTH(B14,-1)+1 -> 45444 | E14: =_xlfn.MINIFS(D$3:D$1002,A$3:A$1002,A14) -> 45444 | F14: =DATEDIF(E14,D14,"M") -> 0 | G14: =IF(COUNTIFS(A$3:A14,A14,F$3:F14,F14)=1,1,0) -> 1
... A1002: 251 | B1002: 45483.007 | C1002: 323 | D1002: =EOMONTH(B1002,-1)+1 -> 45474 | E1002: =_xlfn.MINIFS(D$3:D$1002,A$3:A$1002,A1002) -> 45474 | F1002: =DATEDIF(E1002,D1002,"M") -> 0 | G1002: =IF(COUNTIFS(A$3:A1002,A1002,F$3:F1002,F1002)=1,1,0) -> 1

Sheet Cohorts
A1: Unique customers per cohort/period - ALL cells are formulas over Transactions sheet
A3: CohortMonth | B3: 0 | C3: 1 | D3: 2 | E3: 3 | F3: 4 | G3: 5 | H3: 6 | I3: 7 | J3: 8 | K3: 9 | L3: 10 | M3: 11
A4: 45292 | B4: {=IF( DATE(YEAR($A4), MONTH($A4) + B$3, 1) > DATE(2024, 12, 1), "", SUMIFS( UniqueInPeriod, CohortMonthYear, $A4, CohortIndex, B$3 ) )} -> 84 | C4: {=IF( DATE(YEAR($A4), MONTH($A4) + C$3, 1) > DATE(2024, 12, 1), "", SUMIFS( UniqueInPeriod, CohortMonthYear, $A4, CohortIndex, C$3 ) )} -> 4 | D4: {=IF( DATE(YEAR($A4), MONTH($A4) + D$3, 1) > DATE(2024, 12, 1), "", SUMIFS( UniqueInPeriod, CohortMonthYear, $A4, CohortIndex, D$3 ) )} -> 5 | E4: {=IF( DATE(YEAR($A4), MONTH($A4) + E$3, 1) > DATE(2024, 12, 1), "", SUMIFS( UniqueInPeriod, CohortMonthYear, $A4, CohortIndex, E$3 ) )} -> 4 | F4: {=IF( DATE(YEAR($A4), MONTH($A4) + F$3, 1) > DATE(2024, 12, 1), "", SUMIFS( UniqueInPeriod, CohortMonthYear, $A4, CohortIndex, F$3 ) )} -> 7 | G4: {=IF( DATE(YEAR($A4), MONTH($A4) + G$3, 1) > DATE(2024, 12, 1), "", SUMIFS( UniqueInPeriod, CohortMonthYear, $A4, CohortIndex, G$3 ) )} -> 6 | H4: {=IF( DATE(YEAR($A4), MONTH($A4) + H$3, 1) > DATE(2024, 12, 1), "", SUMIFS( UniqueInPeriod, CohortMonthYear, $A4, CohortIndex, H$3 ) )} -> 5 | I4: {=IF( DATE(YEAR($A4), MONTH($A4) + I$3, 1) > DATE(2024, 12, 1), "", SUMIFS( UniqueInPeriod, CohortMonthYear, $A4, CohortIndex, I$3 ) )} -> 6 | ... M4: {=IF( DATE(YEAR($A4), MONTH($A4) + M$3, 1) > DATE(2024, 12, 1), "", SUMIFS( UniqueInPeriod, CohortMonthYear, $A4, CohortIndex, M$3 ) )} -> 6
A5: 45323 | B5: {=IF( DATE(YEAR($A5), MONTH($A5) + B$3, 1) > DATE(2024, 12, 1), "", SUMIFS( UniqueInPeriod, CohortMonthYear, $A5, CohortIndex, B$3 ) )} -> 78 | C5: {=IF( DATE(YEAR($A5), MONTH($A5) + C$3, 1) > DATE(2024, 12, 1), "", SUMIFS( UniqueInPeriod, CohortMonthYear, $A5, CohortIndex, C$3 ) )} -> 4 | D5: {=IF( DATE(YEAR($A5), MONTH($A5) + D$3, 1) > DATE(2024, 12, 1), "", SUMIFS( UniqueInPeriod, CohortMonthYear, $A5, CohortIndex, D$3 ) )} -> 7 | E5: {=IF( DATE(YEAR($A5), MONTH($A5) + E$3, 1) > DATE(2024, 12, 1), "", SUMIFS( UniqueInPeriod, CohortMonthYear, $A5, CohortIndex, E$3 ) )} -> 7 | F5: {=IF( DATE(YEAR($A5), MONTH($A5) + F$3, 1) > DATE(2024, 12, 1), "", SUMIFS( UniqueInPeriod, CohortMonthYear, $A5, CohortIndex, F$3 ) )} -> 8 | G5: {=IF( DATE(YEAR($A5), MONTH($A5) + G$3, 1) > DATE(2024, 12, 1), "", SUMIFS( UniqueInPeriod, CohortMonthYear, $A5, CohortIndex, G$3 ) )} -> 3 | H5: {=IF( DATE(YEAR($A5), MONTH($A5) + H$3, 1) > DATE(2024, 12, 1), "", SUMIFS( UniqueInPeriod, CohortMonthYear, $A5, CohortIndex, H$3 ) )} -> 5 | I5: {=IF( DATE(YEAR($A5), MONTH($A5) + I$3, 1) > DATE(2024, 12, 1), "", SUMIFS( UniqueInPeriod, CohortMonthYear, $A5, CohortIndex, I$3 ) )} -> 7 | ... M5: {=IF( DATE(YEAR($A5), MONTH($A5) + M$3, 1) > DATE(2024, 12, 1), "", SUMIFS( UniqueInPeriod, CohortMonthYear, $A5, CohortIndex, M$3 ) )}
A6: 45352 | B6: {=IF( DATE(YEAR($A6), MONTH($A6) + B$3, 1) > DATE(2024, 12, 1), "", SUMIFS( UniqueInPeriod, CohortMonthYear, $A6, CohortIndex, B$3 ) )} -> 69 | C6: {=IF( DATE(YEAR($A6), MONTH($A6) + C$3, 1) > DATE(2024, 12, 1), "", SUMIFS( UniqueInPeriod, CohortMonthYear, $A6, CohortIndex, C$3 ) )} -> 9 | D6: {=IF( DATE(YEAR($A6), MONTH($A6) + D$3, 1) > DATE(2024, 12, 1), "", SUMIFS( UniqueInPeriod, CohortMonthYear, $A6, CohortIndex, D$3 ) )} -> 7 | E6: {=IF( DATE(YEAR($A6), MONTH($A6) + E$3, 1) > DATE(2024, 12, 1), "", SUMIFS( UniqueInPeriod, CohortMonthYear, $A6, CohortIndex, E$3 ) )} -> 5 | F6: {=IF( DATE(YEAR($A6), MONTH($A6) + F$3, 1) > DATE(2024, 12, 1), "", SUMIFS( UniqueInPeriod, CohortMonthYear, $A6, CohortIndex, F$3 ) )} -> 4 | G6: {=IF( DATE(YEAR($A6), MONTH($A6) + G$3, 1) > DATE(2024, 12, 1), "", SUMIFS( UniqueInPeriod, CohortMonthYear, $A6, CohortIndex, G$3 ) )} -> 6 | H6: {=IF( DATE(YEAR($A6), MONTH($A6) + H$3, 1) > DATE(2024, 12, 1), "", SUMIFS( UniqueInPeriod, CohortMonthYear, $A6, CohortIndex, H$3 ) )} -> 5 | I6: {=IF( DATE(YEAR($A6), MONTH($A6) + I$3, 1) > DATE(2024, 12, 1), "", SUMIFS( UniqueInPeriod, CohortMonthYear, $A6, CohortIndex, I$3 ) )} -> 8 | ... M6: {=IF( DATE(YEAR($A6), MONTH($A6) + M$3, 1) > DATE(2024, 12, 1), "", SUMIFS( UniqueInPeriod, CohortMonthYear, $A6, CohortIndex, M$3 ) )}
A7: 45383 | B7: {=IF( DATE(YEAR($A7), MONTH($A7) + B$3, 1) > DATE(2024, 12, 1), "", SUMIFS( UniqueInPeriod, CohortMonthYear, $A7, CohortIndex, B$3 ) )} -> 61 | C7: {=IF( DATE(YEAR($A7), MONTH($A7) + C$3, 1) > DATE(2024, 12, 1), "", SUMIFS( UniqueInPeriod, CohortMonthYear, $A7, CohortIndex, C$3 ) )} -> 6 | D7: {=IF( DATE(YEAR($A7), MONTH($A7) + D$3, 1) > DATE(2024, 12, 1), "", SUMIFS( UniqueInPeriod, CohortMonthYear, $A7, CohortIndex, D$3 ) )} -> 5 | E7: {=IF( DATE(YEAR($A7), MONTH($A7) + E$3, 1) > DATE(2024, 12, 1), "", SUMIFS( UniqueInPeriod, CohortMonthYear, $A7, CohortIndex, E$3 ) )} -> 6 | F7: {=IF( DATE(YEAR($A7), MONTH($A7) + F$3, 1) > DATE(2024, 12, 1), "", SUMIFS( UniqueInPeriod, CohortMonthYear, $A7, CohortIndex, F$3 ) )} -> 4 | G7: {=IF( DATE(YEAR($A7), MONTH($A7) + G$3, 1) > DATE(2024, 12, 1), "", SUMIFS( UniqueInPeriod, CohortMonthYear, $A7, CohortIndex, G$3 ) )} -> 2 | H7: {=IF( DATE(YEAR($A7), MONTH($A7) + H$3, 1) > DATE(2024, 12, 1), "", SUMIFS( UniqueInPeriod, CohortMonthYear, $A7, CohortIndex, H$3 ) )} -> 6 | I7: {=IF( DATE(YEAR($A7), MONTH($A7) + I$3, 1) > DATE(2024, 12, 1), "", SUMIFS( UniqueInPeriod, CohortMonthYear, $A7, CohortIndex, I$3 ) )} -> 3 | ... M7: {=IF( DATE(YEAR($A7), MONTH($A7) + M$3, 1) > DATE(2024, 12, 1), "", SUMIFS( UniqueInPeriod, CohortMonthYear, $A7, CohortIndex, M$3 ) )}
A8: 45413 | B8: {=IF( DATE(YEAR($A8), MONTH($A8) + B$3, 1) > DATE(2024, 12, 1), "", SUMIFS( UniqueInPeriod, CohortMonthYear, $A8, CohortIndex, B$3 ) )} -> 61 | C8: {=IF( DATE(YEAR($A8), MONTH($A8) + C$3, 1) > DATE(2024, 12, 1), "", SUMIFS( UniqueInPeriod, CohortMonthYear, $A8, CohortIndex, C$3 ) )} -> 3 | D8: {=IF( DATE(YEAR($A8), MONTH($A8) + D$3, 1) > DATE(2024, 12, 1), "", SUMIFS( UniqueInPeriod, CohortMonthYear, $A8, CohortIndex, D$3 ) )} -> 6 | E8: {=IF( DATE(YEAR($A8), MONTH($A8) + E$3, 1) > DATE(2024, 12, 1), "", SUMIFS( UniqueInPeriod, CohortMonthYear, $A8, CohortIndex, E$3 ) )} -> 3 | F8: {=IF( DATE(YEAR($A8), MONTH($A8) + F$3, 1) > DATE(2024, 12, 1), "", SUMIFS( UniqueInPeriod, CohortMonthYear, $A8, CohortIndex, F$3 ) )} -> 3 | G8: {=IF( DATE(YEAR($A8), MONTH($A8) + G$3, 1) > DATE(2024, 12, 1), "", SUMIFS( UniqueInPeriod, CohortMonthYear, $A8, CohortIndex, G$3 ) )} -> 6 | H8: {=IF( DATE(YEAR($A8), MONTH($A8) + H$3, 1) > DATE(2024, 12, 1), "", SUMIFS( UniqueInPeriod, CohortMonthYear, $A8, CohortIndex, H$3 ) )} -> 7 | I8: {=IF( DATE(YEAR($A8), MONTH($A8) + I$3, 1) > DATE(2024, 12, 1), "", SUMIFS( UniqueInPeriod, CohortMonthYear, $A8, CohortIndex, I$3 ) )} -> 4 | ... M8: {=IF( DATE(YEAR($A8), MONTH($A8) + M$3, 1) > DATE(2024, 12, 1), "", SUMIFS( UniqueInPeriod, CohortMonthYear, $A8, CohortIndex, M$3 ) )}
A9: 45444 | B9: {=IF( DATE(YEAR($A9), MONTH($A9) + B$3, 1) > DATE(2024, 12, 1), "", SUMIFS( UniqueInPeriod, CohortMonthYear, $A9, CohortIndex, B$3 ) )} -> 40 | C9: {=IF( DATE(YEAR($A9), MONTH($A9) + C$3, 1) > DATE(2024, 12, 1), "", SUMIFS( UniqueInPeriod, CohortMonthYear, $A9, CohortIndex, C$3 ) )} -> 6 | D9: {=IF( DATE(YEAR($A9), MONTH($A9) + D$3, 1) > DATE(2024, 12, 1), "", SUMIFS( UniqueInPeriod, CohortMonthYear, $A9, CohortIndex, D$3 ) )} -> 5 | E9: {=IF( DATE(YEAR($A9), MONTH($A9) + E$3, 1) > DATE(2024, 12, 1), "", SUMIFS( UniqueInPeriod, CohortMonthYear, $A9, CohortIndex, E$3 ) )} -> 2 | F9: {=IF( DATE(YEAR($A9), MONTH($A9) + F$3, 1) > DATE(2024, 12, 1), "", SUMIFS( UniqueInPeriod, CohortMonthYear, $A9, CohortIndex, F$3 ) )} -> 4 | G9: {=IF( DATE(YEAR($A9), MONTH($A9) + G$3, 1) > DATE(2024, 12, 1), "", SUMIFS( UniqueInPeriod, CohortMonthYear, $A9, CohortIndex, G$3 ) )} -> 6 | H9: {=IF( DATE(YEAR($A9), MONTH($A9) + H$3, 1) > DATE(2024, 12, 1), "", SUMIFS( UniqueInPeriod, CohortMonthYear, $A9, CohortIndex, H$3 ) )} -> 6 | I9: {=IF( DATE(YEAR($A9), MONTH($A9) + I$3, 1) > DATE(2024, 12, 1), "", SUMIFS( UniqueInPeriod, CohortMonthYear, $A9, CohortIndex, I$3 ) )} | ... M9: {=IF( DATE(YEAR($A9), MONTH($A9) + M$3, 1) > DATE(2024, 12, 1), "", SUMIFS( UniqueInPeriod, CohortMonthYear, $A9, CohortIndex, M$3 ) )}
A10: 45474 | B10: {=IF( DATE(YEAR($A10), MONTH($A10) + B$3, 1) > DATE(2024, 12, 1), "", SUMIFS( UniqueInPeriod, CohortMonthYear, $A10, CohortIndex, B$3 ) )} -> 52 | C10: {=IF( DATE(YEAR($A10), MONTH($A10) + C$3, 1) > DATE(2024, 12, 1), "", SUMIFS( UniqueInPeriod, CohortMonthYear, $A10, CohortIndex, C$3 ) )} -> 4 | D10: {=IF( DATE(YEAR($A10), MONTH($A10) + D$3, 1) > DATE(2024, 12, 1), "", SUMIFS( UniqueInPeriod, CohortMonthYear, $A10, CohortIndex, D$3 ) )} -> 3 | E10: {=IF( DATE(YEAR($A10), MONTH($A10) + E$3, 1) > DATE(2024, 12, 1), "", SUMIFS( UniqueInPeriod, CohortMonthYear, $A10, CohortIndex, E$3 ) )} -> 3 | F10: {=IF( DATE(YEAR($A10), MONTH($A10) + F$3, 1) > DATE(2024, 12, 1), "", SUMIFS( UniqueInPeriod, CohortMonthYear, $A10, CohortIndex, F$3 ) )} -> 3 | G10: {=IF( DATE(YEAR($A10), MONTH($A10) + G$3, 1) > DATE(2024, 12, 1), "", SUMIFS( UniqueInPeriod, CohortMonthYear, $A10, CohortIndex, G$3 ) )} -> 9 | H10: {=IF( DATE(YEAR($A10), MONTH($A10) + H$3, 1) > DATE(2024, 12, 1), "", SUMIFS( UniqueInPeriod, CohortMonthYear, $A10, CohortIndex, H$3 ) )} | I10: {=IF( DATE(YEAR($A10), MONTH($A10) + I$3, 1) > DATE(2024, 12, 1), "", SUMIFS( UniqueInPeriod, CohortMonthYear, $A10, CohortIndex, I$3 ) )} | ... M10: {=IF( DATE(YEAR($A10), MONTH($A10) + M$3, 1) > DATE(2024, 12, 1), "", SUMIFS( UniqueInPeriod, CohortMonthYear, $A10, CohortIndex, M$3 ) )}
A11: 45505 | B11: {=IF( DATE(YEAR($A11), MONTH($A11) + B$3, 1) > DATE(2024, 12, 1), "", SUMIFS( UniqueInPeriod, CohortMonthYear, $A11, CohortIndex, B$3 ) )} -> 45 | C11: {=IF( DATE(YEAR($A11), MONTH($A11) + C$3, 1) > DATE(2024, 12, 1), "", SUMIFS( UniqueInPeriod, CohortMonthYear, $A11, CohortIndex, C$3 ) )} -> 7 | D11: {=IF( DATE(YEAR($A11), MONTH($A11) + D$3, 1) > DATE(2024, 12, 1), "", SUMIFS( UniqueInPeriod, CohortMonthYear, $A11, CohortIndex, D$3 ) )} -> 1 | E11: {=IF( DATE(YEAR($A11), MONTH($A11) + E$3, 1) > DATE(2024, 12, 1), "", SUMIFS( UniqueInPeriod, CohortMonthYear, $A11, CohortIndex, E$3 ) )} -> 6 | F11: {=IF( DATE(YEAR($A11), MONTH($A11) + F$3, 1) > DATE(2024, 12, 1), "", SUMIFS( UniqueInPeriod, CohortMonthYear, $A11, CohortIndex, F$3 ) )} -> 3 | G11: {=IF( DATE(YEAR($A11), MONTH($A11) + G$3, 1) > DATE(2024, 12, 1), "", SUMIFS( UniqueInPeriod, CohortMonthYear, $A11, CohortIndex, G$3 ) )} | H11: {=IF( DATE(YEAR($A11), MONTH($A11) + H$3, 1) > DATE(2024, 12, 1), "", SUMIFS( UniqueInPeriod, CohortMonthYear, $A11, CohortIndex, H$3 ) )} | I11: {=IF( DATE(YEAR($A11), MONTH($A11) + I$3, 1) > DATE(2024, 12, 1), "", SUMIFS( UniqueInPeriod, CohortMonthYear, $A11, CohortIndex, I$3 ) )} | ... M11: {=IF( DATE(YEAR($A11), MONTH($A11) + M$3, 1) > DATE(2024, 12, 1), "", SUMIFS( UniqueInPeriod, CohortMonthYear, $A11, CohortIndex, M$3 ) )}
A12: 45536 | B12: {=IF( DATE(YEAR($A12), MONTH($A12) + B$3, 1) > DATE(2024, 12, 1), "", SUMIFS( UniqueInPeriod, CohortMonthYear, $A12, CohortIndex, B$3 ) )} -> 42 | C12: {=IF( DATE(YEAR($A12), MONTH($A12) + C$3, 1) > DATE(2024, 12, 1), "", SUMIFS( UniqueInPeriod, CohortMonthYear, $A12, CohortIndex, C$3 ) )} -> 4 | D12: {=IF( DATE(YEAR($A12), MONTH($A12) + D$3, 1) > DATE(2024, 12, 1), "", SUMIFS( UniqueInPeriod, CohortMonthYear, $A12, CohortIndex, D$3 ) )} -> 3 | E12: {=IF( DATE(YEAR($A12), MONTH($A12) + E$3, 1) > DATE(2024, 12, 1), "", SUMIFS( UniqueInPeriod, CohortMonthYear, $A12, CohortIndex, E$3 ) )} -> 3 | F12: {=IF( DATE(YEAR($A12), MONTH($A12) + F$3, 1) > DATE(2024, 12, 1), "", SUMIFS( UniqueInPeriod, CohortMonthYear, $A12, CohortIndex, F$3 ) )} | G12: {=IF( DATE(YEAR($A12), MONTH($A12) + G$3, 1) > DATE(2024, 12, 1), "", SUMIFS( UniqueInPeriod, CohortMonthYear, $A12, CohortIndex, G$3 ) )} | H12: {=IF( DATE(YEAR($A12), MONTH($A12) + H$3, 1) > DATE(2024, 12, 1), "", SUMIFS( UniqueInPeriod, CohortMonthYear, $A12, CohortIndex, H$3 ) )} | I12: {=IF( DATE(YEAR($A12), MONTH($A12) + I$3, 1) > DATE(2024, 12, 1), "", SUMIFS( UniqueInPeriod, CohortMonthYear, $A12, CohortIndex, I$3 ) )} | ... M12: {=IF( DATE(YEAR($A12), MONTH($A12) + M$3, 1) > DATE(2024, 12, 1), "", SUMIFS( UniqueInPeriod, CohortMonthYear, $A12, CohortIndex, M$3 ) )}
A13: 45566 | B13: {=IF( DATE(YEAR($A13), MONTH($A13) + B$3, 1) > DATE(2024, 12, 1), "", SUMIFS( UniqueInPeriod, CohortMonthYear, $A13, CohortIndex, B$3 ) )} -> 34 | C13: {=IF( DATE(YEAR($A13), MONTH($A13) + C$3, 1) > DATE(2024, 12, 1), "", SUMIFS( UniqueInPeriod, CohortMonthYear, $A13, CohortIndex, C$3 ) )} -> 6 | D13: {=IF( DATE(YEAR($A13), MONTH($A13) + D$3, 1) > DATE(2024, 12, 1), "", SUMIFS( UniqueInPeriod, CohortMonthYear, $A13, CohortIndex, D$3 ) )} -> 4 | E13: {=IF( DATE(YEAR($A13), MONTH($A13) + E$3, 1) > DATE(2024, 12, 1), "", SUMIFS( UniqueInPeriod, CohortMonthYear, $A13, CohortIndex, E$3 ) )} | F13: {=IF( DATE(YEAR($A13), MONTH($A13) + F$3, 1) > DATE(2024, 12, 1), "", SUMIFS( UniqueInPeriod, CohortMonthYear, $A13, CohortIndex, F$3 ) )} | G13: {=IF( DATE(YEAR($A13), MONTH($A13) + G$3, 1) > DATE(2024, 12, 1), "", SUMIFS( UniqueInPeriod, CohortMonthYear, $A13, CohortIndex, G$3 ) )} | H13: {=IF( DATE(YEAR($A13), MONTH($A13) + H$3, 1) > DATE(2024, 12, 1), "", SUMIFS( UniqueInPeriod, CohortMonthYear, $A13, CohortIndex, H$3 ) )} | I13: {=IF( DATE(YEAR($A13), MONTH($A13) + I$3, 1) > DATE(2024, 12, 1), "", SUMIFS( UniqueInPeriod, CohortMonthYear, $A13, CohortIndex, I$3 ) )} | ... M13: {=IF( DATE(YEAR($A13), MONTH($A13) + M$3, 1) > DATE(2024, 12, 1), "", SUMIFS( UniqueInPeriod, CohortMonthYear, $A13, CohortIndex, M$3 ) )}
A14: 45597 | B14: {=IF( DATE(YEAR($A14), MONTH($A14) + B$3, 1) > DATE(2024, 12, 1), "", SUMIFS( UniqueInPeriod, CohortMonthYear, $A14, CohortIndex, B$3 ) )} -> 24 | C14: {=IF( DATE(YEAR($A14), MONTH($A14) + C$3, 1) > DATE(2024, 12, 1), "", SUMIFS( UniqueInPeriod, CohortMonthYear, $A14, CohortIndex, C$3 ) )} -> 0 | D14: {=IF( DATE(YEAR($A14), MONTH($A14) + D$3, 1) > DATE(2024, 12, 1), "", SUMIFS( UniqueInPeriod, CohortMonthYear, $A14, CohortIndex, D$3 ) )} | E14: {=IF( DATE(YEAR($A14), MONTH($A14) + E$3, 1) > DATE(2024, 12, 1), "", SUMIFS( UniqueInPeriod, CohortMonthYear, $A14, CohortIndex, E$3 ) )} | F14: {=IF( DATE(YEAR($A14), MONTH($A14) + F$3, 1) > DATE(2024, 12, 1), "", SUMIFS( UniqueInPeriod, CohortMonthYear, $A14, CohortIndex, F$3 ) )} | G14: {=IF( DATE(YEAR($A14), MONTH($A14) + G$3, 1) > DATE(2024, 12, 1), "", SUMIFS( UniqueInPeriod, CohortMonthYear, $A14, CohortIndex, G$3 ) )} | H14: {=IF( DATE(YEAR($A14), MONTH($A14) + H$3, 1) > DATE(2024, 12, 1), "", SUMIFS( UniqueInPeriod, CohortMonthYear, $A14, CohortIndex, H$3 ) )} | I14: {=IF( DATE(YEAR($A14), MONTH($A14) + I$3, 1) > DATE(2024, 12, 1), "", SUMIFS( UniqueInPeriod, CohortMonthYear, $A14, CohortIndex, I$3 ) )} | ... M14: {=IF( DATE(YEAR($A14), MONTH($A14) + M$3, 1) > DATE(2024, 12, 1), "", SUMIFS( UniqueInPeriod, CohortMonthYear, $A14, CohortIndex, M$3 ) )}
A15: 45627 | B15: {=IF( DATE(YEAR($A15), MONTH($A15) + B$3, 1) > DATE(2024, 12, 1), "", SUMIFS( UniqueInPeriod, CohortMonthYear, $A15, CohortIndex, B$3 ) )} -> 25 | C15: {=IF( DATE(YEAR($A15), MONTH($A15) + C$3, 1) > DATE(2024, 12, 1), "", SUMIFS( UniqueInPeriod, CohortMonthYear, $A15, CohortIndex, C$3 ) )} | D15: {=IF( DATE(YEAR($A15), MONTH($A15) + D$3, 1) > DATE(2024, 12, 1), "", SUMIFS( UniqueInPeriod, CohortMonthYear, $A15, CohortIndex, D$3 ) )} | E15: {=IF( DATE(YEAR($A15), MONTH($A15) + E$3, 1) > DATE(2024, 12, 1), "", SUMIFS( UniqueInPeriod, CohortMonthYear, $A15, CohortIndex, E$3 ) )} | F15: {=IF( DATE(YEAR($A15), MONTH($A15) + F$3, 1) > DATE(2024, 12, 1), "", SUMIFS( UniqueInPeriod, CohortMonthYear, $A15, CohortIndex, F$3 ) )} | G15: {=IF( DATE(YEAR($A15), MONTH($A15) + G$3, 1) > DATE(2024, 12, 1), "", SUMIFS( UniqueInPeriod, CohortMonthYear, $A15, CohortIndex, G$3 ) )} | H15: {=IF( DATE(YEAR($A15), MONTH($A15) + H$3, 1) > DATE(2024, 12, 1), "", SUMIFS( UniqueInPeriod, CohortMonthYear, $A15, CohortIndex, H$3 ) )} | I15: {=IF( DATE(YEAR($A15), MONTH($A15) + I$3, 1) > DATE(2024, 12, 1), "", SUMIFS( UniqueInPeriod, CohortMonthYear, $A15, CohortIndex, I$3 ) )} | ... M15: {=IF( DATE(YEAR($A15), MONTH($A15) + M$3, 1) > DATE(2024, 12, 1), "", SUMIFS( UniqueInPeriod, CohortMonthYear, $A15, CohortIndex, M$3 ) )}
B20: =DATE(YEAR($A4), MONTH($A4) + B$3, 1) -> 45292 | C20: =DATE(YEAR($A4), MONTH($A4) + C$3, 1) -> 45323 | D20: =DATE(YEAR($A4), MONTH($A4) + D$3, 1) -> 45352 | E20: =DATE(YEAR($A4), MONTH($A4) + E$3, 1) -> 45383 | F20: =DATE(YEAR($A4), MONTH($A4) + F$3, 1) -> 45413 | G20: =DATE(YEAR($A4), MONTH($A4) + G$3, 1) -> 45444 | H20: =DATE(YEAR($A4), MONTH($A4) + H$3, 1) -> 45474 | I20: =DATE(YEAR($A4), MONTH($A4) + I$3, 1) -> 45505 | ... M20: =DATE(YEAR($A4), MONTH($A4) + M$3, 1) -> 45627 | P20: =DATE(YEAR($A4),MONTH($A4)+B$3,1)>DATE(2024,12,1) -> FALSE | Q20: =DATE(YEAR($A4),MONTH($A4)+C$3,1)>DATE(2024,12,1) -> FALSE | R20: =DATE(YEAR($A4),MONTH($A4)+D$3,1)>DATE(2024,12,1) -> FALSE | S20: =DATE(YEAR($A4),MONTH($A4)+E$3,1)>DATE(2024,12,1) -> FALSE | T20: =DATE(YEAR($A4),MONTH($A4)+F$3,1)>DATE(2024,12,1) -> FALSE | U20: =DATE(YEAR($A4),MONTH($A4)+G$3,1)>DATE(2024,12,1) -> FALSE | V20: =DATE(YEAR($A4),MONTH($A4)+H$3,1)>DATE(2024,12,1) -> FALSE | W20: =DATE(YEAR($A4),MONTH($A4)+I$3,1)>DATE(2024,12,1) -> FALSE | ... AA20: =DATE(YEAR($A4),MONTH($A4)+M$3,1)>DATE(2024,12,1) -> FALSE
B21: =DATE(YEAR($A5), MONTH($A5) + B$3, 1) -> 45323 | C21: =DATE(YEAR($A5), MONTH($A5) + C$3, 1) -> 45352 | D21: =DATE(YEAR($A5), MONTH($A5) + D$3, 1) -> 45383 | E21: =DATE(YEAR($A5), MONTH($A5) + E$3, 1) -> 45413 | F21: =DATE(YEAR($A5), MONTH($A5) + F$3, 1) -> 45444 | G21: =DATE(YEAR($A5), MONTH($A5) + G$3, 1) -> 45474 | H21: =DATE(YEAR($A5), MONTH($A5) + H$3, 1) -> 45505 | I21: =DATE(YEAR($A5), MONTH($A5) + I$3, 1) -> 45536 | ... M21: =DATE(YEAR($A5), MONTH($A5) + M$3, 1) -> 45658 | P21: =DATE(YEAR($A5),MONTH($A5)+B$3,1)>DATE(2024,12,1) -> FALSE | Q21: =DATE(YEAR($A5),MONTH($A5)+C$3,1)>DATE(2024,12,1) -> FALSE | R21: =DATE(YEAR($A5),MONTH($A5)+D$3,1)>DATE(2024,12,1) -> FALSE | S21: =DATE(YEAR($A5),MONTH($A5)+E$3,1)>DATE(2024,12,1) -> FALSE | T21: =DATE(YEAR($A5),MONTH($A5)+F$3,1)>DATE(2024,12,1) -> FALSE | U21: =DATE(YEAR($A5),MONTH($A5)+G$3,1)>DATE(2024,12,1) -> FALSE | V21: =DATE(YEAR($A5),MONTH($A5)+H$3,1)>DATE(2024,12,1) -> FALSE | W21: =DATE(YEAR($A5),MONTH($A5)+I$3,1)>DATE(2024,12,1) -> FALSE | ... AA21: =DATE(YEAR($A5),MONTH($A5)+M$3,1)>DATE(2024,12,1) -> TRUE
B22: =DATE(YEAR($A6), MONTH($A6) + B$3, 1) -> 45352 | C22: =DATE(YEAR($A6), MONTH($A6) + C$3, 1) -> 45383 | D22: =DATE(YEAR($A6), MONTH($A6) + D$3, 1) -> 45413 | E22: =DATE(YEAR($A6), MONTH($A6) + E$3, 1) -> 45444 | F22: =DATE(YEAR($A6), MONTH($A6) + F$3, 1) -> 45474 | G22: =DATE(YEAR($A6), MONTH($A6) + G$3, 1) -> 45505 | H22: =DATE(YEAR($A6), MONTH($A6) + H$3, 1) -> 45536 | I22: =DATE(YEAR($A6), MONTH($A6) + I$3, 1) -> 45566 | ... M22: =DATE(YEAR($A6), MONTH($A6) + M$3, 1) -> 45689 | P22: =DATE(YEAR($A6),MONTH($A6)+B$3,1)>DATE(2024,12,1) -> FALSE | Q22: =DATE(YEAR($A6),MONTH($A6)+C$3,1)>DATE(2024,12,1) -> FALSE | R22: =DATE(YEAR($A6),MONTH($A6)+D$3,1)>DATE(2024,12,1) -> FALSE | S22: =DATE(YEAR($A6),MONTH($A6)+E$3,1)>DATE(2024,12,1) -> FALSE | T22: =DATE(YEAR($A6),MONTH($A6)+F$3,1)>DATE(2024,12,1) -> FALSE | U22: =DATE(YEAR($A6),MONTH($A6)+G$3,1)>DATE(2024,12,1) -> FALSE | V22: =DATE(YEAR($A6),MONTH($A6)+H$3,1)>DATE(2024,12,1) -> FALSE | W22: =DATE(YEAR($A6),MONTH($A6)+I$3,1)>DATE(2024,12,1) -> FALSE | ... AA22: =DATE(YEAR($A6),MONTH($A6)+M$3,1)>DATE(2024,12,1) -> TRUE
B23: =DATE(YEAR($A7), MONTH($A7) + B$3, 1) -> 45383 | C23: =DATE(YEAR($A7), MONTH($A7) + C$3, 1) -> 45413 | D23: =DATE(YEAR($A7), MONTH($A7) + D$3, 1) -> 45444 | E23: =DATE(YEAR($A7), MONTH($A7) + E$3, 1) -> 45474 | F23: =DATE(YEAR($A7), MONTH($A7) + F$3, 1) -> 45505 | G23: =DATE(YEAR($A7), MONTH($A7) + G$3, 1) -> 45536 | H23: =DATE(YEAR($A7), MONTH($A7) + H$3, 1) -> 45566 | I23: =DATE(YEAR($A7), MONTH($A7) + I$3, 1) -> 45597 | ... M23: =DATE(YEAR($A7), MONTH($A7) + M$3, 1) -> 45717 | P23: =DATE(YEAR($A7),MONTH($A7)+B$3,1)>DATE(2024,12,1) -> FALSE | Q23: =DATE(YEAR($A7),MONTH($A7)+C$3,1)>DATE(2024,12,1) -> FALSE | R23: =DATE(YEAR($A7),MONTH($A7)+D$3,1)>DATE(2024,12,1) -> FALSE | S23: =DATE(YEAR($A7),MONTH($A7)+E$3,1)>DATE(2024,12,1) -> FALSE | T23: =DATE(YEAR($A7),MONTH($A7)+F$3,1)>DATE(2024,12,1) -> FALSE | U23: =DATE(YEAR($A7),MONTH($A7)+G$3,1)>DATE(2024,12,1) -> FALSE | V23: =DATE(YEAR($A7),MONTH($A7)+H$3,1)>DATE(2024,12,1) -> FALSE | W23: =DATE(YEAR($A7),MONTH($A7)+I$3,1)>DATE(2024,12,1) -> FALSE | ... AA23: =DATE(YEAR($A7),MONTH($A7)+M$3,1)>DATE(2024,12,1) -> TRUE
B24: =DATE(YEAR($A8), MONTH($A8) + B$3, 1) -> 45413 | C24: =DATE(YEAR($A8), MONTH($A8) + C$3, 1) -> 45444 | D24: =DATE(YEAR($A8), MONTH($A8) + D$3, 1) -> 45474 | E24: =DATE(YEAR($A8), MONTH($A8) + E$3, 1) -> 45505 | F24: =DATE(YEAR($A8), MONTH($A8) + F$3, 1) -> 45536 | G24: =DATE(YEAR($A8), MONTH($A8) + G$3, 1) -> 45566 | H24: =DATE(YEAR($A8), MONTH($A8) + H$3, 1) -> 45597 | I24: =DATE(YEAR($A8), MONTH($A8) + I$3, 1) -> 45627 | ... M24: =DATE(YEAR($A8), MONTH($A8) + M$3, 1) -> 45748 | P24: =DATE(YEAR($A8),MONTH($A8)+B$3,1)>DATE(2024,12,1) -> FALSE | Q24: =DATE(YEAR($A8),MONTH($A8)+C$3,1)>DATE(2024,12,1) -> FALSE | R24: =DATE(YEAR($A8),MONTH($A8)+D$3,1)>DATE(2024,12,1) -> FALSE | S24: =DATE(YEAR($A8),MONTH($A8)+E$3,1)>DATE(2024,12,1) -> FALSE | T24: =DATE(YEAR($A8),MONTH($A8)+F$3,1)>DATE(2024,12,1) -> FALSE | U24: =DATE(YEAR($A8),MONTH($A8)+G$3,1)>DATE(2024,12,1) -> FALSE | V24: =DATE(YEAR($A8),MONTH($A8)+H$3,1)>DATE(2024,12,1) -> FALSE | W24: =DATE(YEAR($A8),MONTH($A8)+I$3,1)>DATE(2024,12,1) -> FALSE | ... AA24: =DATE(YEAR($A8),MONTH($A8)+M$3,1)>DATE(2024,12,1) -> TRUE
B25: =DATE(YEAR($A9), MONTH($A9) + B$3, 1) -> 45444 | C25: =DATE(YEAR($A9), MONTH($A9) + C$3, 1) -> 45474 | D25: =DATE(YEAR($A9), MONTH($A9) + D$3, 1) -> 45505 | E25: =DATE(YEAR($A9), MONTH($A9) + E$3, 1) -> 45536 | F25: =DATE(YEAR($A9), MONTH($A9) + F$3, 1) -> 45566 | G25: =DATE(YEAR($A9), MONTH($A9) + G$3, 1) -> 45597 | H25: =DATE(YEAR($A9), MONTH($A9) + H$3, 1) -> 45627 | I25: =DATE(YEAR($A9), MONTH($A9) + I$3, 1) -> 45658 | ... M25: =DATE(YEAR($A9), MONTH($A9) + M$3, 1) -> 45778 | P25: =DATE(YEAR($A9),MONTH($A9)+B$3,1)>DATE(2024,12,1) -> FALSE | Q25: =DATE(YEAR($A9),MONTH($A9)+C$3,1)>DATE(2024,12,1) -> FALSE | R25: =DATE(YEAR($A9),MONTH($A9)+D$3,1)>DATE(2024,12,1) -> FALSE | S25: =DATE(YEAR($A9),MONTH($A9)+E$3,1)>DATE(2024,12,1) -> FALSE | T25: =DATE(YEAR($A9),MONTH($A9)+F$3,1)>DATE(2024,12,1) -> FALSE | U25: =DATE(YEAR($A9),MONTH($A9)+G$3,1)>DATE(2024,12,1) -> FALSE | V25: =DATE(YEAR($A9),MONTH($A9)+H$3,1)>DATE(2024,12,1) -> FALSE | W25: =DATE(YEAR($A9),MONTH($A9)+I$3,1)>DATE(2024,12,1) -> TRUE | ... AA25: =DATE(YEAR($A9),MONTH($A9)+M$3,1)>DATE(2024,12,1) -> TRUE
B26: =DATE(YEAR($A10), MONTH($A10) + B$3, 1) -> 45474 | C26: =DATE(YEAR($A10), MONTH($A10) + C$3, 1) -> 45505 | D26: =DATE(YEAR($A10), MONTH($A10) + D$3, 1) -> 45536 | E26: =DATE(YEAR($A10), MONTH($A10) + E$3, 1) -> 45566 | F26: =DATE(YEAR($A10), MONTH($A10) + F$3, 1) -> 45597 | G26: =DATE(YEAR($A10), MONTH($A10) + G$3, 1) -> 45627 | H26: =DATE(YEAR($A10), MONTH($A10) + H$3, 1) -> 45658 | I26: =DATE(YEAR($A10), MONTH($A10) + I$3, 1) -> 45689 | ... M26: =DATE(YEAR($A10), MONTH($A10) + M$3, 1) -> 45809 | P26: =DATE(YEAR($A10),MONTH($A10)+B$3,1)>DATE(2024,12,1) -> FALSE | Q26: =DATE(YEAR($A10),MONTH($A10)+C$3,1)>DATE(2024,12,1) -> FALSE | R26: =DATE(YEAR($A10),MONTH($A10)+D$3,1)>DATE(2024,12,1) -> FALSE | S26: =DATE(YEAR($A10),MONTH($A10)+E$3,1)>DATE(2024,12,1) -> FALSE | T26: =DATE(YEAR($A10),MONTH($A10)+F$3,1)>DATE(2024,12,1) -> FALSE | U26: =DATE(YEAR($A10),MONTH($A10)+G$3,1)>DATE(2024,12,1) -> FALSE | V26: =DATE(YEAR($A10),MONTH($A10)+H$3,1)>DATE(2024,12,1) -> TRUE | W26: =DATE(YEAR($A10),MONTH($A10)+I$3,1)>DATE(2024,12,1) -> TRUE | ... AA26: =DATE(YEAR($A10),MONTH($A10)+M$3,1)>DATE(2024,12,1) -> TRUE
B27: =DATE(YEAR($A11), MONTH($A11) + B$3, 1) -> 45505 | C27: =DATE(YEAR($A11), MONTH($A11) + C$3, 1) -> 45536 | D27: =DATE(YEAR($A11), MONTH($A11) + D$3, 1) -> 45566 | E27: =DATE(YEAR($A11), MONTH($A11) + E$3, 1) -> 45597 | F27: =DATE(YEAR($A11), MONTH($A11) + F$3, 1) -> 45627 | G27: =DATE(YEAR($A11), MONTH($A11) + G$3, 1) -> 45658 | H27: =DATE(YEAR($A11), MONTH($A11) + H$3, 1) -> 45689 | I27: =DATE(YEAR($A11), MONTH($A11) + I$3, 1) -> 45717 | ... M27: =DATE(YEAR($A11), MONTH($A11) + M$3, 1) -> 45839 | P27: =DATE(YEAR($A11),MONTH($A11)+B$3,1)>DATE(2024,12,1) -> FALSE | Q27: =DATE(YEAR($A11),MONTH($A11)+C$3,1)>DATE(2024,12,1) -> FALSE | R27: =DATE(YEAR($A11),MONTH($A11)+D$3,1)>DATE(2024,12,1) -> FALSE | S27: =DATE(YEAR($A11),MONTH($A11)+E$3,1)>DATE(2024,12,1) -> FALSE | T27: =DATE(YEAR($A11),MONTH($A11)+F$3,1)>DATE(2024,12,1) -> FALSE | U27: =DATE(YEAR($A11),MONTH($A11)+G$3,1)>DATE(2024,12,1) -> TRUE | V27: =DATE(YEAR($A11),MONTH($A11)+H$3,1)>DATE(2024,12,1) -> TRUE | W27: =DATE(YEAR($A11),MONTH($A11)+I$3,1)>DATE(2024,12,1) -> TRUE | ... AA27: =DATE(YEAR($A11),MONTH($A11)+M$3,1)>DATE(2024,12,1) -> TRUE
B28: =DATE(YEAR($A12), MONTH($A12) + B$3, 1) -> 45536 | C28: =DATE(YEAR($A12), MONTH($A12) + C$3, 1) -> 45566 | D28: =DATE(YEAR($A12), MONTH($A12) + D$3, 1) -> 45597 | E28: =DATE(YEAR($A12), MONTH($A12) + E$3, 1) -> 45627 | F28: =DATE(YEAR($A12), MONTH($A12) + F$3, 1) -> 45658 | G28: =DATE(YEAR($A12), MONTH($A12) + G$3, 1) -> 45689 | H28: =DATE(YEAR($A12), MONTH($A12) + H$3, 1) -> 45717 | I28: =DATE(YEAR($A12), MONTH($A12) + I$3, 1) -> 45748 | ... M28: =DATE(YEAR($A12), MONTH($A12) + M$3, 1) -> 45870 | P28: =DATE(YEAR($A12),MONTH($A12)+B$3,1)>DATE(2024,12,1) -> FALSE | Q28: =DATE(YEAR($A12),MONTH($A12)+C$3,1)>DATE(2024,12,1) -> FALSE | R28: =DATE(YEAR($A12),MONTH($A12)+D$3,1)>DATE(2024,12,1) -> FALSE | S28: =DATE(YEAR($A12),MONTH($A12)+E$3,1)>DATE(2024,12,1) -> FALSE | T28: =DATE(YEAR($A12),MONTH($A12)+F$3,1)>DATE(2024,12,1) -> TRUE | U28: =DATE(YEAR($A12),MONTH($A12)+G$3,1)>DATE(2024,12,1) -> TRUE | V28: =DATE(YEAR($A12),MONTH($A12)+H$3,1)>DATE(2024,12,1) -> TRUE | W28: =DATE(YEAR($A12),MONTH($A12)+I$3,1)>DATE(2024,12,1) -> TRUE | ... AA28: =DATE(YEAR($A12),MONTH($A12)+M$3,1)>DATE(2024,12,1) -> TRUE
B29: =DATE(YEAR($A13), MONTH($A13) + B$3, 1) -> 45566 | C29: =DATE(YEAR($A13), MONTH($A13) + C$3, 1) -> 45597 | D29: =DATE(YEAR($A13), MONTH($A13) + D$3, 1) -> 45627 | E29: =DATE(YEAR($A13), MONTH($A13) + E$3, 1) -> 45658 | F29: =DATE(YEAR($A13), MONTH($A13) + F$3, 1) -> 45689 | G29: =DATE(YEAR($A13), MONTH($A13) + G$3, 1) -> 45717 | H29: =DATE(YEAR($A13), MONTH($A13) + H$3, 1) -> 45748 | I29: =DATE(YEAR($A13), MONTH($A13) + I$3, 1) -> 45778 | ... M29: =DATE(YEAR($A13), MONTH($A13) + M$3, 1) -> 45901 | P29: =DATE(YEAR($A13),MONTH($A13)+B$3,1)>DATE(2024,12,1) -> FALSE | Q29: =DATE(YEAR($A13),MONTH($A13)+C$3,1)>DATE(2024,12,1) -> FALSE | R29: =DATE(YEAR($A13),MONTH($A13)+D$3,1)>DATE(2024,12,1) -> FALSE | S29: =DATE(YEAR($A13),MONTH($A13)+E$3,1)>DATE(2024,12,1) -> TRUE | T29: =DATE(YEAR($A13),MONTH($A13)+F$3,1)>DATE(2024,12,1) -> TRUE | U29: =DATE(YEAR($A13),MONTH($A13)+G$3,1)>DATE(2024,12,1) -> TRUE | V29: =DATE(YEAR($A13),MONTH($A13)+H$3,1)>DATE(2024,12,1) -> TRUE | W29: =DATE(YEAR($A13),MONTH($A13)+I$3,1)>DATE(2024,12,1) -> TRUE | ... AA29: =DATE(YEAR($A13),MONTH($A13)+M$3,1)>DATE(2024,12,1) -> TRUE
B30: =DATE(YEAR($A14), MONTH($A14) + B$3, 1) -> 45597 | C30: =DATE(YEAR($A14), MONTH($A14) + C$3, 1) -> 45627 | D30: =DATE(YEAR($A14), MONTH($A14) + D$3, 1) -> 45658 | E30: =DATE(YEAR($A14), MONTH($A14) + E$3, 1) -> 45689 | F30: =DATE(YEAR($A14), MONTH($A14) + F$3, 1) -> 45717 | G30: =DATE(YEAR($A14), MONTH($A14) + G$3, 1) -> 45748 | H30: =DATE(YEAR($A14), MONTH($A14) + H$3, 1) -> 45778 | I30: =DATE(YEAR($A14), MONTH($A14) + I$3, 1) -> 45809 | ... M30: =DATE(YEAR($A14), MONTH($A14) + M$3, 1) -> 45931 | P30: =DATE(YEAR($A14),MONTH($A14)+B$3,1)>DATE(2024,12,1) -> FALSE | Q30: =DATE(YEAR($A14),MONTH($A14)+C$3,1)>DATE(2024,12,1) -> FALSE | R30: =DATE(YEAR($A14),MONTH($A14)+D$3,1)>DATE(2024,12,1) -> TRUE | S30: =DATE(YEAR($A14),MONTH($A14)+E$3,1)>DATE(2024,12,1) -> TRUE | T30: =DATE(YEAR($A14),MONTH($A14)+F$3,1)>DATE(2024,12,1) -> TRUE | U30: =DATE(YEAR($A14),MONTH($A14)+G$3,1)>DATE(2024,12,1) -> TRUE | V30: =DATE(YEAR($A14),MONTH($A14)+H$3,1)>DATE(2024,12,1) -> TRUE | W30: =DATE(YEAR($A14),MONTH($A14)+I$3,1)>DATE(2024,12,1) -> TRUE | ... AA30: =DATE(YEAR($A14),MONTH($A14)+M$3,1)>DATE(2024,12,1) -> TRUE
B31: =DATE(YEAR($A15), MONTH($A15) + B$3, 1) -> 45627 | C31: =DATE(YEAR($A15), MONTH($A15) + C$3, 1) -> 45658 | D31: =DATE(YEAR($A15), MONTH($A15) + D$3, 1) -> 45689 | E31: =DATE(YEAR($A15), MONTH($A15) + E$3, 1) -> 45717 | F31: =DATE(YEAR($A15), MONTH($A15) + F$3, 1) -> 45748 | G31: =DATE(YEAR($A15), MONTH($A15) + G$3, 1) -> 45778 | H31: =DATE(YEAR($A15), MONTH($A15) + H$3, 1) -> 45809 | I31: =DATE(YEAR($A15), MONTH($A15) + I$3, 1) -> 45839 | ... M31: =DATE(YEAR($A15), MONTH($A15) + M$3, 1) -> 45962 | P31: =DATE(YEAR($A15),MONTH($A15)+B$3,1)>DATE(2024,12,1) -> FALSE | Q31: =DATE(YEAR($A15),MONTH($A15)+C$3,1)>DATE(2024,12,1) -> TRUE | R31: =DATE(YEAR($A15),MONTH($A15)+D$3,1)>DATE(2024,12,1) -> TRUE | S31: =DATE(YEAR($A15),MONTH($A15)+E$3,1)>DATE(2024,12,1) -> TRUE | T31: =DATE(YEAR($A15),MONTH($A15)+F$3,1)>DATE(2024,12,1) -> TRUE | U31: =DATE(YEAR($A15),MONTH($A15)+G$3,1)>DATE(2024,12,1) -> TRUE | V31: =DATE(YEAR($A15),MONTH($A15)+H$3,1)>DATE(2024,12,1) -> TRUE | W31: =DATE(YEAR($A15),MONTH($A15)+I$3,1)>DATE(2024,12,1) -> TRUE | ... AA31: =DATE(YEAR($A15),MONTH($A15)+M$3,1)>DATE(2024,12,1) -> TRUE
B33: =SUMIFS( Transactions!$G$3:$G$1002, Transactions!$E$3:$E$1002, $A4, Transactions!$F$3:$F$1002, B$3 ) -> 84

Sheet Retention
A1: Cohort Analysis: Customer Retention (%) - formulas over Cohorts sheet
A2: Cell = Cohorts count / cohort size (Period 0). Chart reads this table.
A4: CohortMonth | B4: Period 0 | C4: Period 1 | D4: Period 2 | E4: Period 3 | F4: Period 4 | G4: Period 5 | H4: Period 6 | I4: Period 7 | J4: Period 8 | K4: Period 9 | L4: Period 10 | M4: Period 11
A5: 45292 | B5: =IF( DATE(YEAR($A5), MONTH($A5) + Cohorts!B$3, 1) > DATE(2024, 12, 1), "", Cohorts!B4 / Cohorts!$B4 ) -> 1 | C5: =IF( DATE(YEAR($A5), MONTH($A5) + Cohorts!C$3, 1) > DATE(2024, 12, 1), "", Cohorts!C4 / Cohorts!$B4 ) -> 0.047619048 | D5: =IF( DATE(YEAR($A5), MONTH($A5) + Cohorts!D$3, 1) > DATE(2024, 12, 1), "", Cohorts!D4 / Cohorts!$B4 ) -> 0.05952381 | E5: =IF( DATE(YEAR($A5), MONTH($A5) + Cohorts!E$3, 1) > DATE(2024, 12, 1), "", Cohorts!E4 / Cohorts!$B4 ) -> 0.047619048 | F5: =IF( DATE(YEAR($A5), MONTH($A5) + Cohorts!F$3, 1) > DATE(2024, 12, 1), "", Cohorts!F4 / Cohorts!$B4 ) -> 0.083333333 | G5: =IF( DATE(YEAR($A5), MONTH($A5) + Cohorts!G$3, 1) > DATE(2024, 12, 1), "", Cohorts!G4 / Cohorts!$B4 ) -> 0.071428571 | H5: =IF( DATE(YEAR($A5), MONTH($A5) + Cohorts!H$3, 1) > DATE(2024, 12, 1), "", Cohorts!H4 / Cohorts!$B4 ) -> 0.05952381 | I5: =IF( DATE(YEAR($A5), MONTH($A5) + Cohorts!I$3, 1) > DATE(2024, 12, 1), "", Cohorts!I4 / Cohorts!$B4 ) -> 0.071428571 | ... M5: =IF( DATE(YEAR($A5), MONTH($A5) + Cohorts!M$3, 1) > DATE(2024, 12, 1), "", Cohorts!M4 / Cohorts!$B4 ) -> 0.071428571
A6: 45323 | B6: =IF( DATE(YEAR($A6), MONTH($A6) + Cohorts!B$3, 1) > DATE(2024, 12, 1), "", Cohorts!B5 / Cohorts!$B5 ) -> 1 | C6: =IF( DATE(YEAR($A6), MONTH($A6) + Cohorts!C$3, 1) > DATE(2024, 12, 1), "", Cohorts!C5 / Cohorts!$B5 ) -> 0.051282051 | D6: =IF( DATE(YEAR($A6), MONTH($A6) + Cohorts!D$3, 1) > DATE(2024, 12, 1), "", Cohorts!D5 / Cohorts!$B5 ) -> 0.08974359 | E6: =IF( DATE(YEAR($A6), MONTH($A6) + Cohorts!E$3, 1) > DATE(2024, 12, 1), "", Cohorts!E5 / Cohorts!$B5 ) -> 0.08974359 | F6: =IF( DATE(YEAR($A6), MONTH($A6) + Cohorts!F$3, 1) > DATE(2024, 12, 1), "", Cohorts!F5 / Cohorts!$B5 ) -> 0.1025641 | G6: =IF( DATE(YEAR($A6), MONTH($A6) + Cohorts!G$3, 1) > DATE(2024, 12, 1), "", Cohorts!G5 / Cohorts!$B5 ) -> 0.038461538 | H6: =IF( DATE(YEAR($A6), MONTH($A6) + Cohorts!H$3, 1) > DATE(2024, 12, 1), "", Cohorts!H5 / Cohorts!$B5 ) -> 0.064102564 | I6: =IF( DATE(YEAR($A6), MONTH($A6) + Cohorts!I$3, 1) > DATE(2024, 12, 1), "", Cohorts!I5 / Cohorts!$B5 ) -> 0.08974359 | ... M6: =IF( DATE(YEAR($A6), MONTH($A6) + Cohorts!M$3, 1) > DATE(2024, 12, 1), "", Cohorts!M5 / Cohorts!$B5 )
A7: 45352 | B7: =IF( DATE(YEAR($A7), MONTH($A7) + Cohorts!B$3, 1) > DATE(2024, 12, 1), "", Cohorts!B6 / Cohorts!$B6 ) -> 1 | C7: =IF( DATE(YEAR($A7), MONTH($A7) + Cohorts!C$3, 1) > DATE(2024, 12, 1), "", Cohorts!C6 / Cohorts!$B6 ) -> 0.13043478 | D7: =IF( DATE(YEAR($A7), MONTH($A7) + Cohorts!D$3, 1) > DATE(2024, 12, 1), "", Cohorts!D6 / Cohorts!$B6 ) -> 0.10144928 | E7: =IF( DATE(YEAR($A7), MONTH($A7) + Cohorts!E$3, 1) > DATE(2024, 12, 1), "", Cohorts!E6 / Cohorts!$B6 ) -> 0.072463768 | F7: =IF( DATE(YEAR($A7), MONTH($A7) + Cohorts!F$3, 1) > DATE(2024, 12, 1), "", Cohorts!F6 / Cohorts!$B6 ) -> 0.057971014 | G7: =IF( DATE(YEAR($A7), MONTH($A7) + Cohorts!G$3, 1) > DATE(2024, 12, 1), "", Cohorts!G6 / Cohorts!$B6 ) -> 0.086956522 | H7: =IF( DATE(YEAR($A7), MONTH($A7) + Cohorts!H$3, 1) > DATE(2024, 12, 1), "", Cohorts!H6 / Cohorts!$B6 ) -> 0.072463768 | I7: =IF( DATE(YEAR($A7), MONTH($A7) + Cohorts!I$3, 1) > DATE(2024, 12, 1), "", Cohorts!I6 / Cohorts!$B6 ) -> 0.11594203 | ... M7: =IF( DATE(YEAR($A7), MONTH($A7) + Cohorts!M$3, 1) > DATE(2024, 12, 1), "", Cohorts!M6 / Cohorts!$B6 )
A8: 45383 | B8: =IF( DATE(YEAR($A8), MONTH($A8) + Cohorts!B$3, 1) > DATE(2024, 12, 1), "", Cohorts!B7 / Cohorts!$B7 ) -> 1 | C8: =IF( DATE(YEAR($A8), MONTH($A8) + Cohorts!C$3, 1) > DATE(2024, 12, 1), "", Cohorts!C7 / Cohorts!$B7 ) -> 0.098360656 | D8: =IF( DATE(YEAR($A8), MONTH($A8) + Cohorts!D$3, 1) > DATE(2024, 12, 1), "", Cohorts!D7 / Cohorts!$B7 ) -> 0.081967213 | E8: =IF( DATE(YEAR($A8), MONTH($A8) + Cohorts!E$3, 1) > DATE(2024, 12, 1), "", Cohorts!E7 / Cohorts!$B7 ) -> 0.098360656 | F8: =IF( DATE(YEAR($A8), MONTH($A8) + Cohorts!F$3, 1) > DATE(2024, 12, 1), "", Cohorts!F7 / Cohorts!$B7 ) -> 0.06557377 | G8: =IF( DATE(YEAR($A8), MONTH($A8) + Cohorts!G$3, 1) > DATE(2024, 12, 1), "", Cohorts!G7 / Cohorts!$B7 ) -> 0.032786885 | H8: =IF( DATE(YEAR($A8), MONTH($A8) + Cohorts!H$3, 1) > DATE(2024, 12, 1), "", Cohorts!H7 / Cohorts!$B7 ) -> 0.098360656 | I8: =IF( DATE(YEAR($A8), MONTH($A8) + Cohorts!I$3, 1) > DATE(2024, 12, 1), "", Cohorts!I7 / Cohorts!$B7 ) -> 0.049180328 | ... M8: =IF( DATE(YEAR($A8), MONTH($A8) + Cohorts!M$3, 1) > DATE(2024, 12, 1), "", Cohorts!M7 / Cohorts!$B7 )
A9: 45413 | B9: =IF( DATE(YEAR($A9), MONTH($A9) + Cohorts!B$3, 1) > DATE(2024, 12, 1), "", Cohorts!B8 / Cohorts!$B8 ) -> 1 | C9: =IF( DATE(YEAR($A9), MONTH($A9) + Cohorts!C$3, 1) > DATE(2024, 12, 1), "", Cohorts!C8 / Cohorts!$B8 ) -> 0.049180328 | D9: =IF( DATE(YEAR($A9), MONTH($A9) + Cohorts!D$3, 1) > DATE(2024, 12, 1), "", Cohorts!D8 / Cohorts!$B8 ) -> 0.098360656 | E9: =IF( DATE(YEAR($A9), MONTH($A9) + Cohorts!E$3, 1) > DATE(2024, 12, 1), "", Cohorts!E8 / Cohorts!$B8 ) -> 0.049180328 | F9: =IF( DATE(YEAR($A9), MONTH($A9) + Cohorts!F$3, 1) > DATE(2024, 12, 1), "", Cohorts!F8 / Cohorts!$B8 ) -> 0.049180328 | G9: =IF( DATE(YEAR($A9), MONTH($A9) + Cohorts!G$3, 1) > DATE(2024, 12, 1), "", Cohorts!G8 / Cohorts!$B8 ) -> 0.098360656 | H9: =IF( DATE(YEAR($A9), MONTH($A9) + Cohorts!H$3, 1) > DATE(2024, 12, 1), "", Cohorts!H8 / Cohorts!$B8 ) -> 0.1147541 | I9: =IF( DATE(YEAR($A9), MONTH($A9) + Cohorts!I$3, 1) > DATE(2024, 12, 1), "", Cohorts!I8 / Cohorts!$B8 ) -> 0.06557377 | ... M9: =IF( DATE(YEAR($A9), MONTH($A9) + Cohorts!M$3, 1) > DATE(2024, 12, 1), "", Cohorts!M8 / Cohorts!$B8 )
A10: 45444 | B10: =IF( DATE(YEAR($A10), MONTH($A10) + Cohorts!B$3, 1) > DATE(2024, 12, 1), "", Cohorts!B9 / Cohorts!$B9 ) -> 1 | C10: =IF( DATE(YEAR($A10), MONTH($A10) + Cohorts!C$3, 1) > DATE(2024, 12, 1), "", Cohorts!C9 / Cohorts!$B9 ) -> 0.15 | D10: =IF( DATE(YEAR($A10), MONTH($A10) + Cohorts!D$3, 1) > DATE(2024, 12, 1), "", Cohorts!D9 / Cohorts!$B9 ) -> 0.125 | E10: =IF( DATE(YEAR($A10), MONTH($A10) + Cohorts!E$3, 1) > DATE(2024, 12, 1), "", Cohorts!E9 / Cohorts!$B9 ) -> 0.05 | F10: =IF( DATE(YEAR($A10), MONTH($A10) + Cohorts!F$3, 1) > DATE(2024, 12, 1), "", Cohorts!F9 / Cohorts!$B9 ) -> 0.1 | G10: =IF( DATE(YEAR($A10), MONTH($A10) + Cohorts!G$3, 1) > DATE(2024, 12, 1), "", Cohorts!G9 / Cohorts!$B9 ) -> 0.15 | H10: =IF( DATE(YEAR($A10), MONTH($A10) + Cohorts!H$3, 1) > DATE(2024, 12, 1), "", Cohorts!H9 / Cohorts!$B9 ) -> 0.15 | I10: =IF( DATE(YEAR($A10), MONTH($A10) + Cohorts!I$3, 1) > DATE(2024, 12, 1), "", Cohorts!I9 / Cohorts!$B9 ) | ... M10: =IF( DATE(YEAR($A10), MONTH($A10) + Cohorts!M$3, 1) > DATE(2024, 12, 1), "", Cohorts!M9 / Cohorts!$B9 )
A11: 45474 | B11: =IF( DATE(YEAR($A11), MONTH($A11) + Cohorts!B$3, 1) > DATE(2024, 12, 1), "", Cohorts!B10 / Cohorts!$B10 ) -> 1 | C11: =IF( DATE(YEAR($A11), MONTH($A11) + Cohorts!C$3, 1) > DATE(2024, 12, 1), "", Cohorts!C10 / Cohorts!$B10 ) -> 0.076923077 | D11: =IF( DATE(YEAR($A11), MONTH($A11) + Cohorts!D$3, 1) > DATE(2024, 12, 1), "", Cohorts!D10 / Cohorts!$B10 ) -> 0.057692308 | E11: =IF( DATE(YEAR($A11), MONTH($A11) + Cohorts!E$3, 1) > DATE(2024, 12, 1), "", Cohorts!E10 / Cohorts!$B10 ) -> 0.057692308 | F11: =IF( DATE(YEAR($A11), MONTH($A11) + Cohorts!F$3, 1) > DATE(2024, 12, 1), "", Cohorts!F10 / Cohorts!$B10 ) -> 0.057692308 | G11: =IF( DATE(YEAR($A11), MONTH($A11) + Cohorts!G$3, 1) > DATE(2024, 12, 1), "", Cohorts!G10 / Cohorts!$B10 ) -> 0.17307692 | H11: =IF( DATE(YEAR($A11), MONTH($A11) + Cohorts!H$3, 1) > DATE(2024, 12, 1), "", Cohorts!H10 / Cohorts!$B10 ) | I11: =IF( DATE(YEAR($A11), MONTH($A11) + Cohorts!I$3, 1) > DATE(2024, 12, 1), "", Cohorts!I10 / Cohorts!$B10 ) | ... M11: =IF( DATE(YEAR($A11), MONTH($A11) + Cohorts!M$3, 1) > DATE(2024, 12, 1), "", Cohorts!M10 / Cohorts!$B10 )
A12: 45505 | B12: =IF( DATE(YEAR($A12), MONTH($A12) + Cohorts!B$3, 1) > DATE(2024, 12, 1), "", Cohorts!B11 / Cohorts!$B11 ) -> 1 | C12: =IF( DATE(YEAR($A12), MONTH($A12) + Cohorts!C$3, 1) > DATE(2024, 12, 1), "", Cohorts!C11 / Cohorts!$B11 ) -> 0.15555556 | D12: =IF( DATE(YEAR($A12), MONTH($A12) + Cohorts!D$3, 1) > DATE(2024, 12, 1), "", Cohorts!D11 / Cohorts!$B11 ) -> 0.022222222 | E12: =IF( DATE(YEAR($A12), MONTH($A12) + Cohorts!E$3, 1) > DATE(2024, 12, 1), "", Cohorts!E11 / Cohorts!$B11 ) -> 0.13333333 | F12: =IF( DATE(YEAR($A12), MONTH($A12) + Cohorts!F$3, 1) > DATE(2024, 12, 1), "", Cohorts!F11 / Cohorts!$B11 ) -> 0.066666667 | G12: =IF( DATE(YEAR($A12), MONTH($A12) + Cohorts!G$3, 1) > DATE(2024, 12, 1), "", Cohorts!G11 / Cohorts!$B11 ) | H12: =IF( DATE(YEAR($A12), MONTH($A12) + Cohorts!H$3, 1) > DATE(2024, 12, 1), "", Cohorts!H11 / Cohorts!$B11 ) | I12: =IF( DATE(YEAR($A12), MONTH($A12) + Cohorts!I$3, 1) > DATE(2024, 12, 1), "", Cohorts!I11 / Cohorts!$B11 ) | ... M12: =IF( DATE(YEAR($A12), MONTH($A12) + Cohorts!M$3, 1) > DATE(2024, 12, 1), "", Cohorts!M11 / Cohorts!$B11 )
A13: 45536 | B13: =IF( DATE(YEAR($A13), MONTH($A13) + Cohorts!B$3, 1) > DATE(2024, 12, 1), "", Cohorts!B12 / Cohorts!$B12 ) -> 1 | C13: =IF( DATE(YEAR($A13), MONTH($A13) + Cohorts!C$3, 1) > DATE(2024, 12, 1), "", Cohorts!C12 / Cohorts!$B12 ) -> 0.095238095 | D13: =IF( DATE(YEAR($A13), MONTH($A13) + Cohorts!D$3, 1) > DATE(2024, 12, 1), "", Cohorts!D12 / Cohorts!$B12 ) -> 0.071428571 | E13: =IF( DATE(YEAR($A13), MONTH($A13) + Cohorts!E$3, 1) > DATE(2024, 12, 1), "", Cohorts!E12 / Cohorts!$B12 ) -> 0.071428571 | F13: =IF( DATE(YEAR($A13), MONTH($A13) + Cohorts!F$3, 1) > DATE(2024, 12, 1), "", Cohorts!F12 / Cohorts!$B12 ) | G13: =IF( DATE(YEAR($A13), MONTH($A13) + Cohorts!G$3, 1) > DATE(2024, 12, 1), "", Cohorts!G12 / Cohorts!$B12 ) | H13: =IF( DATE(YEAR($A13), MONTH($A13) + Cohorts!H$3, 1) > DATE(2024, 12, 1), "", Cohorts!H12 / Cohorts!$B12 ) | I13: =IF( DATE(YEAR($A13), MONTH($A13) + Cohorts!I$3, 1) > DATE(2024, 12, 1), "", Cohorts!I12 / Cohorts!$B12 ) | ... M13: =IF( DATE(YEAR($A13), MONTH($A13) + Cohorts!M$3, 1) > DATE(2024, 12, 1), "", Cohorts!M12 / Cohorts!$B12 )
A14: 45566 | B14: =IF( DATE(YEAR($A14), MONTH($A14) + Cohorts!B$3, 1) > DATE(2024, 12, 1), "", Cohorts!B13 / Cohorts!$B13 ) -> 1 | C14: =IF( DATE(YEAR($A14), MONTH($A14) + Cohorts!C$3, 1) > DATE(2024, 12, 1), "", Cohorts!C13 / Cohorts!$B13 ) -> 0.17647059 | D14: =IF( DATE(YEAR($A14), MONTH($A14) + Cohorts!D$3, 1) > DATE(2024, 12, 1), "", Cohorts!D13 / Cohorts!$B13 ) -> 0.11764706 | E14: =IF( DATE(YEAR($A14), MONTH($A14) + Cohorts!E$3, 1) > DATE(2024, 12, 1), "", Cohorts!E13 / Cohorts!$B13 ) | F14: =IF( DATE(YEAR($A14), MONTH($A14) + Cohorts!F$3, 1) > DATE(2024, 12, 1), "", Cohorts!F13 / Cohorts!$B13 ) | G14: =IF( DATE(YEAR($A14), MONTH($A14) + Cohorts!G$3, 1) > DATE(2024, 12, 1), "", Cohorts!G13 / Cohorts!$B13 ) | H14: =IF( DATE(YEAR($A14), MONTH($A14) + Cohorts!H$3, 1) > DATE(2024, 12, 1), "", Cohorts!H13 / Cohorts!$B13 ) | I14: =IF( DATE(YEAR($A14), MONTH($A14) + Cohorts!I$3, 1) > DATE(2024, 12, 1), "", Cohorts!I13 / Cohorts!$B13 ) | ... M14: =IF( DATE(YEAR($A14), MONTH($A14) + Cohorts!M$3, 1) > DATE(2024, 12, 1), "", Cohorts!M13 / Cohorts!$B13 )
A15: 45597 | B15: =IF( DATE(YEAR($A15), MONTH($A15) + Cohorts!B$3, 1) > DATE(2024, 12, 1), "", Cohorts!B14 / Cohorts!$B14 ) -> 1 | C15: =IF( DATE(YEAR($A15), MONTH($A15) + Cohorts!C$3, 1) > DATE(2024, 12, 1), "", Cohorts!C14 / Cohorts!$B14 ) -> 0 | D15: =IF( DATE(YEAR($A15), MONTH($A15) + Cohorts!D$3, 1) > DATE(2024, 12, 1), "", Cohorts!D14 / Cohorts!$B14 ) | E15: =IF( DATE(YEAR($A15), MONTH($A15) + Cohorts!E$3, 1) > DATE(2024, 12, 1), "", Cohorts!E14 / Cohorts!$B14 ) | F15: =IF( DATE(YEAR($A15), MONTH($A15) + Cohorts!F$3, 1) > DATE(2024, 12, 1), "", Cohorts!F14 / Cohorts!$B14 ) | G15: =IF( DATE(YEAR($A15), MONTH($A15) + Cohorts!G$3, 1) > DATE(2024, 12, 1), "", Cohorts!G14 / Cohorts!$B14 ) | H15: =IF( DATE(YEAR($A15), MONTH($A15) + Cohorts!H$3, 1) > DATE(2024, 12, 1), "", Cohorts!H14 / Cohorts!$B14 ) | I15: =IF( DATE(YEAR($A15), MONTH($A15) + Cohorts!I$3, 1) > DATE(2024, 12, 1), "", Cohorts!I14 / Cohorts!$B14 ) | ... M15: =IF( DATE(YEAR($A15), MONTH($A15) + Cohorts!M$3, 1) > DATE(2024, 12, 1), "", Cohorts!M14 / Cohorts!$B14 )
A16: 45627 | B16: =IF( DATE(YEAR($A16), MONTH($A16) + Cohorts!B$3, 1) > DATE(2024, 12, 1), "", Cohorts!B15 / Cohorts!$B15 ) -> 1 | C16: =IF( DATE(YEAR($A16), MONTH($A16) + Cohorts!C$3, 1) > DATE(2024, 12, 1), "", Cohorts!C15 / Cohorts!$B15 ) | D16: =IF( DATE(YEAR($A16), MONTH($A16) + Cohorts!D$3, 1) > DATE(2024, 12, 1), "", Cohorts!D15 / Cohorts!$B15 ) | E16: =IF( DATE(YEAR($A16), MONTH($A16) + Cohorts!E$3, 1) > DATE(2024, 12, 1), "", Cohorts!E15 / Cohorts!$B15 ) | F16: =IF( DATE(YEAR($A16), MONTH($A16) + Cohorts!F$3, 1) > DATE(2024, 12, 1), "", Cohorts!F15 / Cohorts!$B15 ) | G16: =IF( DATE(YEAR($A16), MONTH($A16) + Cohorts!G$3, 1) > DATE(2024, 12, 1), "", Cohorts!G15 / Cohorts!$B15 ) | H16: =IF( DATE(YEAR($A16), MONTH($A16) + Cohorts!H$3, 1) > DATE(2024, 12, 1), "", Cohorts!H15 / Cohorts!$B15 ) | I16: =IF( DATE(YEAR($A16), MONTH($A16) + Cohorts!I$3, 1) > DATE(2024, 12, 1), "", Cohorts!I15 / Cohorts!$B15 ) | ... M16: =IF( DATE(YEAR($A16), MONTH($A16) + Cohorts!M$3, 1) > DATE(2024, 12, 1), "", Cohorts!M15 / Cohorts!$B15 )

Sheet Sheet1
A1: Колонка для сортування | C1: 2
A2: CustomerID | B2: TransactionDate | C2: Sales | D2: OrderMonth | E2: CohortMonth | F2: CohortIndex | G2: UniqueInPeriod
A3: {=_xlfn._xlws.SORT(Table2[],sort_column, TRUE)} -> 325 | B3: 45293.115 | C3: 605 | D3: 45292 | E3: 45292 | F3: 0 | G3: 1
A4: 271 | B4: 45293.378 | C4: 93 | D4: 45292 | E4: 45292 | F4: 0 | G4: 1
A5: 825 | B5: 45293.725 | C5: 163 | D5: 45292 | E5: 45292 | F5: 0 | G5: 1
A6: 993 | B6: 45294.43 | C6: 69 | D6: 45292 | E6: 45292 | F6: 0 | G6: 1
A7: 566 | B7: 45294.441 | C7: 515 | D7: 45292 | E7: 45292 | F7: 0 | G7: 1
A8: 497 | B8: 45294.528 | C8: 885 | D8: 45292 | E8: 45292 | F8: 0 | G8: 0
A9: 525 | B9: 45295.051 | C9: 499 | D9: 45292 | E9: 45292 | F9: 0 | G9: 1
A10: 227 | B10: 45295.748 | C10: 896 | D10: 45292 | E10: 45292 | F10: 0 | G10: 1
A11: 283 | B11: 45295.782 | C11: 573 | D11: 45292 | E11: 45292 | F11: 0 | G11: 1
A12: 326 | B12: 45295.789 | C12: 500 | D12: 45292 | E12: 45292 | F12: 0 | G12: 1
A13: 538 | B13: 45295.823 | C13: 707 | D13: 45292 | E13: 45292 | F13: 0 | G13: 1
A14: 432 | B14: 45295.931 | C14: 713 | D14: 45292 | E14: 45292 | F14: 0 | G14: 1
A15: 217 | B15: 45296.04 | C15: 667 | D15: 45292 | E15: 45292 | F15: 0 | G15: 1
... A1002: 289 | B1002: 45656.865 | C1002: 611 | D1002: 45627 | E1002: 45474 | F1002: 5 | G1002: 1
