Workbook
Name analysis_date: RFM!$K$1
Name Average_Customers: RFM!$K$6
Name Average_Customers_name: RFM!$J$6
Name Best_Customers: RFM!$K$4
Name Best_Customers_name: RFM!$J$4
Name customer_id: Transaction_DB!$B$2:$B$5001
Name frequencyQ1: RFM!$B$5
Name frequencyQ2: RFM!$C$5
Name frequencyQ3: RFM!$D$5
Name included: Transaction_DB!$E$2:$E$5001
Name Lost_Customers_name: RFM!$J$7
Name Loyal_Customers: RFM!$K$5
Name Loyal_Customers_name: RFM!$J$5
Name monetaryQ1: RFM!$B$6
Name monetaryQ2: RFM!$C$6
Name monetaryQ3: RFM!$D$6
Name recencyQ1: RFM!$B$4
Name recencyQ2: RFM!$C$4
Name recencyQ3: RFM!$D$4
Name rfm_db_frequency: RFM_DB[frequency]
Name rfm_db_monetary: RFM_DB[monetary]
Name rfm_db_recency: RFM_DB[recency]
Name transaction_amount: Transaction_DB!$D$2:$D$5001
Name transaction_date: Transaction_DB!$C$2:$C$5001

Sheet Transaction_DB
A1: transaction_id | B1: customer_id | C1: transaction_date | D1: transaction_amount | E1: included (amount>0)
A2: =IF(E2=1, SUM($E$2:E2)-1, "") -> 0 | B2: CUST_0102 | C2: 45173 | D2: 68.01 | E2: =IF(D2>0,1,0) -> 1
A3: =IF(E3=1, SUM($E$2:E3)-1, "") -> 1 | B3: CUST_0435 | C3: 45238 | D3: 171.37 | E3: =IF(D3>0,1,0) -> 1
A4: =IF(E4=1, SUM($E$2:E4)-1, "") -> 2 | B4: CUST_0860 | C4: 45266 | D4: 116.63 | E4: =IF(D4>0,1,0) -> 1
A5: =IF(E5=1, SUM($E$2:E5)-1, "") -> 3 | B5: CUST_0270 | C5: 45175 | D5: 128.87 | E5: =IF(D5>0,1,0) -> 1
A6: =IF(E6=1, SUM($E$2:E6)-1, "") -> 4 | B6: CUST_0106 | C6: 45072 | D6: 113.77 | E6: =IF(D6>0,1,0) -> 1
A7: =IF(E7=1, SUM($E$2:E7)-1, "") -> 5 | B7: CUST_0071 | C7: 45062 | D7: 86.43 | E7: =IF(D7>0,1,0) -> 1
A8: =IF(E8=1, SUM($E$2:E8)-1, "") -> 6 | B8: CUST_0700 | C8: 45240 | D8: 60.79 | E8: =IF(D8>0,1,0) -> 1
A9: =IF(E9=1, SUM($E$2:E9)-1, "") -> 7 | B9: CUST_0020 | C9: 44998 | D9: 91.04 | E9: =IF(D9>0,1,0) -> 1
A10: =IF(E10=1, SUM($E$2:E10)-1, "") -> 8 | B10: CUST_0614 | C10: 44972 | D10: 70.66 | E10: =IF(D10>0,1,0) -> 1
A11: =IF(E11=1, SUM($E$2:E11)-1, "") -> 9 | B11: CUST_0121 | C11: 45060 | D11: 72.46 | E11: =IF(D11>0,1,0) -> 1
A12: =IF(E12=1, SUM($E$2:E12)-1, "") -> 10 | B12: CUST_0466 | C12: 45135 | D12: 52.5 | E12: =IF(D12>0,1,0) -> 1
A13: =IF(E13=1, SUM($E$2:E13)-1, "") -> 11 | B13: CUST_0214 | C13: 45024 | D13: 103.43 | E13: =IF(D13>0,1,0) -> 1
... A5001: =IF(E5001=1, SUM($E$2:E5001)-1, "") -> 4995 | B5001: CUST_0214 | C5001: 45036 | D5001: 56.2 | E5001: =IF(D5001>0,1,0) -> 1

Sheet RFM
A1: Параметри аналізу | J1: analysis_date | K1: 45292 | L1: Дата, відносно якої рахується Recency (з коду: datetime(2024,1,1))
A2: Межі квартилів (аналог pd.qcut, q=4) | J2: Пороги сегментації (rfm_value)
A3: Метрика | B3: Q1 (25%) | C3: Q2 (50%) | D3: Q3 (75%) | E3: Правило присвоєння балу | J3: Сегмент | K3: rfm_value ≥ | L3: Коментар
A4: recency | B4: =QUARTILE(rfm_db_recency,1) -> 18 | C4: =QUARTILE(rfm_db_recency,2) -> 48 | D4: =QUARTILE(rfm_db_recency,3) -> 96 | E4: 4 = найсвіжіші (≤Q1), 3 (≤Q2), 2 (≤Q3), 1 = найдавніші | J4: Best Customers | K4: 3.5 | L4: Перевіряється зверху вниз
A5: frequency | B5: =QUARTILE(rfm_db_frequency,1) -> 3 | C5: =QUARTILE(rfm_db_frequency,2) -> 5 | D5: =QUARTILE(rfm_db_frequency,3) -> 6 | E5: 1 = найрідші (≤Q1), 2 (≤Q2), 3 (≤Q3), 4 = найчастіші | J5: Loyal Customers | K5: 2.5 | L5: Перевіряється зверху вниз
A6: monetary | B6: =QUARTILE(rfm_db_monetary,1) -> 319.6 | C6: =QUARTILE(rfm_db_monetary,2) -> 485.23 | D6: =QUARTILE(rfm_db_monetary,3) -> 655.72 | E6: 1 = найменші (≤Q1), 2 (≤Q2), 3 (≤Q3), 4 = найбільші | J6: Average Customers | K6: 1.5 | L6: Перевіряється зверху вниз
J7: Lost Customers | K7: решта | L7: Усе, що нижче порогу Average
A8: RFM розрахунок
A9: customer_id | B9: recency | C9: frequency | D9: monetary | E9: R | F9: F | G9: M | H9: rfm_score | I9: rfm_value | J9: customer_segment
A10: {=_xlfn._xlws.SORT(_xlfn.UNIQUE(customer_id))} -> CUST_0000 | B10: =analysis_date-_xlfn.MAXIFS(transaction_date,customer_id,A10,included,1) -> 54 | C10: =COUNTIFS(customer_id,A10,included,1) -> 9 | D10: =SUMIFS(transaction_amount,customer_id,A10,included,1) -> 953.64 | E10: {=_xlfn.IFS( B10<=recencyQ1, 4, B10<=recencyQ2, 3, B10<=recencyQ3, 2, TRUE, 1 )} -> 2 | F10: {=_xlfn.IFS( C10<=frequencyQ1, 1, C10<=frequencyQ2, 2, C10<=frequencyQ3, 3, TRUE, 4)} -> 4 | G10: {=_xlfn.IFS( D10<=monetaryQ1, 1, D10<=monetaryQ2, 2, D10<=monetaryQ3, 3, TRUE, 4)} -> 4 | H10: =E10&F10&G10 -> 244 | I10: =AVERAGE(E10:G10) -> 3.3333333 | J10: {=_xlfn.IFS( I10>=Best_Customers, Best_Customers_name, I10>=Loyal_Customers, Loyal_Customers_name, I10>=Average_Customers, Average_Customers_name, TRUE, Lost_Customers_name)} -> Loyal Customers
A11: CUST_0001 | B11: =analysis_date-_xlfn.MAXIFS(transaction_date,customer_id,A11,included,1) -> 136 | C11: =COUNTIFS(customer_id,A11,included,1) -> 6 | D11: =SUMIFS(transaction_amount,customer_id,A11,included,1) -> 642.47 | E11: {=_xlfn.IFS( B11<=recencyQ1, 4, B11<=recencyQ2, 3, B11<=recencyQ3, 2, TRUE, 1 )} -> 1 | F11: {=_xlfn.IFS( C11<=frequencyQ1, 1, C11<=frequencyQ2, 2, C11<=frequencyQ3, 3, TRUE, 4)} -> 3 | G11: {=_xlfn.IFS( D11<=monetaryQ1, 1, D11<=monetaryQ2, 2, D11<=monetaryQ3, 3, TRUE, 4)} -> 3 | H11: =E11&F11&G11 -> 133 | I11: =AVERAGE(E11:G11) -> 2.3333333 | J11: {=_xlfn.IFS( I11>=Best_Customers, Best_Customers_name, I11>=Loyal_Customers, Loyal_Customers_name, I11>=Average_Customers, Average_Customers_name, TRUE, Lost_Customers_name)} -> Average Customers
A12: CUST_0002 | B12: =analysis_date-_xlfn.MAXIFS(transaction_date,customer_id,A12,included,1) -> 3 | C12: =COUNTIFS(customer_id,A12,included,1) -> 4 | D12: =SUMIFS(transaction_amount,customer_id,A12,included,1) -> 349.71 | E12: {=_xlfn.IFS( B12<=recencyQ1, 4, B12<=recencyQ2, 3, B12<=recencyQ3, 2, TRUE, 1 )} -> 4 | F12: {=_xlfn.IFS( C12<=frequencyQ1, 1, C12<=frequencyQ2, 2, C12<=frequencyQ3, 3, TRUE, 4)} -> 2 | G12: {=_xlfn.IFS( D12<=monetaryQ1, 1, D12<=monetaryQ2, 2, D12<=monetaryQ3, 3, TRUE, 4)} -> 2 | H12: =E12&F12&G12 -> 422 | I12: =AVERAGE(E12:G12) -> 2.6666667 | J12: {=_xlfn.IFS( I12>=Best_Customers, Best_Customers_name, I12>=Loyal_Customers, Loyal_Customers_name, I12>=Average_Customers, Average_Customers_name, TRUE, Lost_Customers_name)} -> Loyal Customers
A13: CUST_0003 | B13: =analysis_date-_xlfn.MAXIFS(transaction_date,customer_id,A13,included,1) -> 72 | C13: =COUNTIFS(customer_id,A13,included,1) -> 2 | D13: =SUMIFS(transaction_amount,customer_id,A13,included,1) -> 247.51 | E13: {=_xlfn.IFS( B13<=recencyQ1, 4, B13<=recencyQ2, 3, B13<=recencyQ3, 2, TRUE, 1 )} -> 2 | F13: {=_xlfn.IFS( C13<=frequencyQ1, 1, C13<=frequencyQ2, 2, C13<=frequencyQ3, 3, TRUE, 4)} -> 1 | G13: {=_xlfn.IFS( D13<=monetaryQ1, 1, D13<=monetaryQ2, 2, D13<=monetaryQ3, 3, TRUE, 4)} -> 1 | H13: =E13&F13&G13 -> 211 | I13: =AVERAGE(E13:G13) -> 1.3333333 | J13: {=_xlfn.IFS( I13>=Best_Customers, Best_Customers_name, I13>=Loyal_Customers, Loyal_Customers_name, I13>=Average_Customers, Average_Customers_name, TRUE, Lost_Customers_name)} -> Lost Customers
A14: CUST_0004 | B14: =analysis_date-_xlfn.MAXIFS(transaction_date,customer_id,A14,included,1) -> 2 | C14: =COUNTIFS(customer_id,A14,included,1) -> 5 | D14: =SUMIFS(transaction_amount,customer_id,A14,included,1) -> 469.41 | E14: {=_xlfn.IFS( B14<=recencyQ1, 4, B14<=recencyQ2, 3, B14<=recencyQ3, 2, TRUE, 1 )} -> 4 | F14: {=_xlfn.IFS( C14<=frequencyQ1, 1, C14<=frequencyQ2, 2, C14<=frequencyQ3, 3, TRUE, 4)} -> 2 | G14: {=_xlfn.IFS( D14<=monetaryQ1, 1, D14<=monetaryQ2, 2, D14<=monetaryQ3, 3, TRUE, 4)} -> 2 | H14: =E14&F14&G14 -> 422 | I14: =AVERAGE(E14:G14) -> 2.6666667 | J14: {=_xlfn.IFS( I14>=Best_Customers, Best_Customers_name, I14>=Loyal_Customers, Loyal_Customers_name, I14>=Average_Customers, Average_Customers_name, TRUE, Lost_Customers_name)} -> Loyal Customers
A15: CUST_0005 | B15: =analysis_date-_xlfn.MAXIFS(transaction_date,customer_id,A15,included,1) -> 154 | C15: =COUNTIFS(customer_id,A15,included,1) -> 1 | D15: =SUMIFS(transaction_amount,customer_id,A15,included,1) -> 123.19 | E15: {=_xlfn.IFS( B15<=recencyQ1, 4, B15<=recencyQ2, 3, B15<=recencyQ3, 2, TRUE, 1 )} -> 1 | F15: {=_xlfn.IFS( C15<=frequencyQ1, 1, C15<=frequencyQ2, 2, C15<=frequencyQ3, 3, TRUE, 4)} -> 1 | G15: {=_xlfn.IFS( D15<=monetaryQ1, 1, D15<=monetaryQ2, 2, D15<=monetaryQ3, 3, TRUE, 4)} -> 1 | H15: =E15&F15&G15 -> 111 | I15: =AVERAGE(E15:G15) -> 1 | J15: {=_xlfn.IFS( I15>=Best_Customers, Best_Customers_name, I15>=Loyal_Customers, Loyal_Customers_name, I15>=Average_Customers, Average_Customers_name, TRUE, Lost_Customers_name)} -> Lost Customers
A16: CUST_0006 | B16: =analysis_date-_xlfn.MAXIFS(transaction_date,customer_id,A16,included,1) -> 18 | C16: =COUNTIFS(customer_id,A16,included,1) -> 7 | D16: =SUMIFS(transaction_amount,customer_id,A16,included,1) -> 736.02 | E16: {=_xlfn.IFS( B16<=recencyQ1, 4, B16<=recencyQ2, 3, B16<=recencyQ3, 2, TRUE, 1 )} -> 4 | F16: {=_xlfn.IFS( C16<=frequencyQ1, 1, C16<=frequencyQ2, 2, C16<=frequencyQ3, 3, TRUE, 4)} -> 4 | G16: {=_xlfn.IFS( D16<=monetaryQ1, 1, D16<=monetaryQ2, 2, D16<=monetaryQ3, 3, TRUE, 4)} -> 4 | H16: =E16&F16&G16 -> 444 | I16: =AVERAGE(E16:G16) -> 4 | J16: {=_xlfn.IFS( I16>=Best_Customers, Best_Customers_name, I16>=Loyal_Customers, Loyal_Customers_name, I16>=Average_Customers, Average_Customers_name, TRUE, Lost_Customers_name)} -> Best Customers
A17: CUST_0007 | B17: =analysis_date-_xlfn.MAXIFS(transaction_date,customer_id,A17,included,1) -> 16 | C17: =COUNTIFS(customer_id,A17,included,1) -> 7 | D17: =SUMIFS(transaction_amount,customer_id,A17,included,1) -> 607.12 | E17: {=_xlfn.IFS( B17<=recencyQ1, 4, B17<=recencyQ2, 3, B17<=recencyQ3, 2, TRUE, 1 )} -> 4 | F17: {=_xlfn.IFS( C17<=frequencyQ1, 1, C17<=frequencyQ2, 2, C17<=frequencyQ3, 3, TRUE, 4)} -> 4 | G17: {=_xlfn.IFS( D17<=monetaryQ1, 1, D17<=monetaryQ2, 2, D17<=monetaryQ3, 3, TRUE, 4)} -> 3 | H17: =E17&F17&G17 -> 443 | I17: =AVERAGE(E17:G17) -> 3.6666667 | J17: {=_xlfn.IFS( I17>=Best_Customers, Best_Customers_name, I17>=Loyal_Customers, Loyal_Customers_name, I17>=Average_Customers, Average_Customers_name, TRUE, Lost_Customers_name)} -> Best Customers
A18: CUST_0008 | B18: =analysis_date-_xlfn.MAXIFS(transaction_date,customer_id,A18,included,1) -> 66 | C18: =COUNTIFS(customer_id,A18,included,1) -> 3 | D18: =SUMIFS(transaction_amount,customer_id,A18,included,1) -> 408.44 | E18: {=_xlfn.IFS( B18<=recencyQ1, 4, B18<=recencyQ2, 3, B18<=recencyQ3, 2, TRUE, 1 )} -> 2 | F18: {=_xlfn.IFS( C18<=frequencyQ1, 1, C18<=frequencyQ2, 2, C18<=frequencyQ3, 3, TRUE, 4)} -> 1 | G18: {=_xlfn.IFS( D18<=monetaryQ1, 1, D18<=monetaryQ2, 2, D18<=monetaryQ3, 3, TRUE, 4)} -> 2 | H18: =E18&F18&G18 -> 212 | I18: =AVERAGE(E18:G18) -> 1.6666667 | J18: {=_xlfn.IFS( I18>=Best_Customers, Best_Customers_name, I18>=Loyal_Customers, Loyal_Customers_name, I18>=Average_Customers, Average_Customers_name, TRUE, Lost_Customers_name)} -> Average Customers
A19: CUST_0009 | B19: =analysis_date-_xlfn.MAXIFS(transaction_date,customer_id,A19,included,1) -> 92 | C19: =COUNTIFS(customer_id,A19,included,1) -> 6 | D19: =SUMIFS(transaction_amount,customer_id,A19,included,1) -> 558.69 | E19: {=_xlfn.IFS( B19<=recencyQ1, 4, B19<=recencyQ2, 3, B19<=recencyQ3, 2, TRUE, 1 )} -> 2 | F19: {=_xlfn.IFS( C19<=frequencyQ1, 1, C19<=frequencyQ2, 2, C19<=frequencyQ3, 3, TRUE, 4)} -> 3 | G19: {=_xlfn.IFS( D19<=monetaryQ1, 1, D19<=monetaryQ2, 2, D19<=monetaryQ3, 3, TRUE, 4)} -> 3 | H19: =E19&F19&G19 -> 233 | I19: =AVERAGE(E19:G19) -> 2.6666667 | J19: {=_xlfn.IFS( I19>=Best_Customers, Best_Customers_name, I19>=Loyal_Customers, Loyal_Customers_name, I19>=Average_Customers, Average_Customers_name, TRUE, Lost_Customers_name)} -> Loyal Customers
A20: CUST_0010 | B20: =analysis_date-_xlfn.MAXIFS(transaction_date,customer_id,A20,included,1) -> 211 | C20: =COUNTIFS(customer_id,A20,included,1) -> 4 | D20: =SUMIFS(transaction_amount,customer_id,A20,included,1) -> 343.58 | E20: {=_xlfn.IFS( B20<=recencyQ1, 4, B20<=recencyQ2, 3, B20<=recencyQ3, 2, TRUE, 1 )} -> 1 | F20: {=_xlfn.IFS( C20<=frequencyQ1, 1, C20<=frequencyQ2, 2, C20<=frequencyQ3, 3, TRUE, 4)} -> 2 | G20: {=_xlfn.IFS( D20<=monetaryQ1, 1, D20<=monetaryQ2, 2, D20<=monetaryQ3, 3, TRUE, 4)} -> 2 | H20: =E20&F20&G20 -> 122 | I20: =AVERAGE(E20:G20) -> 1.6666667 | J20: {=_xlfn.IFS( I20>=Best_Customers, Best_Customers_name, I20>=Loyal_Customers, Loyal_Customers_name, I20>=Average_Customers, Average_Customers_name, TRUE, Lost_Customers_name)} -> Average Customers
A21: CUST_0011 | B21: =analysis_date-_xlfn.MAXIFS(transaction_date,customer_id,A21,included,1) -> 133 | C21: =COUNTIFS(customer_id,A21,included,1) -> 10 | D21: =SUMIFS(transaction_amount,customer_id,A21,included,1) -> 1018.08 | E21: {=_xlfn.IFS( B21<=recencyQ1, 4, B21<=recencyQ2, 3, B21<=recencyQ3, 2, TRUE, 1 )} -> 1 | F21: {=_xlfn.IFS( C21<=frequencyQ1, 1, C21<=frequencyQ2, 2, C21<=frequencyQ3, 3, TRUE, 4)} -> 4 | G21: {=_xlfn.IFS( D21<=monetaryQ1, 1, D21<=monetaryQ2, 2, D21<=monetaryQ3, 3, TRUE, 4)} -> 4 | H21: =E21&F21&G21 -> 144 | I21: =AVERAGE(E21:G21) -> 3 | J21: {=_xlfn.IFS( I21>=Best_Customers, Best_Customers_name, I21>=Loyal_Customers, Loyal_Customers_name, I21>=Average_Customers, Average_Customers_name, TRUE, Lost_Customers_name)} -> Loyal Customers
A22: CUST_0012 | B22: =analysis_date-_xlfn.MAXIFS(transaction_date,customer_id,A22,included,1) -> 11 | C22: =COUNTIFS(customer_id,A22,included,1) -> 5 | D22: =SUMIFS(transaction_amount,customer_id,A22,included,1) -> 550.55 | E22: {=_xlfn.IFS( B22<=recencyQ1, 4, B22<=recencyQ2, 3, B22<=recencyQ3, 2, TRUE, 1 )} -> 4 | F22: {=_xlfn.IFS( C22<=frequencyQ1, 1, C22<=frequencyQ2, 2, C22<=frequencyQ3, 3, TRUE, 4)} -> 2 | G22: {=_xlfn.IFS( D22<=monetaryQ1, 1, D22<=monetaryQ2, 2, D22<=monetaryQ3, 3, TRUE, 4)} -> 3 | H22: =E22&F22&G22 -> 423 | I22: =AVERAGE(E22:G22) -> 3 | J22: {=_xlfn.IFS( I22>=Best_Customers, Best_Customers_name, I22>=Loyal_Customers, Loyal_Customers_name, I22>=Average_Customers, Average_Customers_name, TRUE, Lost_Customers_name)} -> Loyal Customers
... A998: CUST_0999 | B998: =analysis_date-_xlfn.MAXIFS(transaction_date,customer_id,A998,included,1) -> 291 | C998: =COUNTIFS(customer_id,A998,included,1) -> 1 | D998: =SUMIFS(transaction_amount,customer_id,A998,included,1) -> 82.44 | E998: {=_xlfn.IFS( B998<=recencyQ1, 4, B998<=recencyQ2, 3, B998<=recencyQ3, 2, TRUE, 1 )} -> 1 | F998: {=_xlfn.IFS( C998<=frequencyQ1, 1, C998<=frequencyQ2, 2, C998<=frequencyQ3, 3, TRUE, 4)} -> 1 | G998: {=_xlfn.IFS( D998<=monetaryQ1, 1, D998<=monetaryQ2, 2, D998<=monetaryQ3, 3, TRUE, 4)} -> 1 | H998: =E998&F998&G998 -> 111 | I998: =AVERAGE(E998:G998) -> 1 | J998: {=_xlfn.IFS( I998>=Best_Customers, Best_Customers_name, I998>=Loyal_Customers, Loyal_Customers_name, I998>=Average_Customers, Average_Customers_name, TRUE, Lost_Customers_name)} -> Lost Customers

Sheet Result
A1: Підсумок RFM-аналізу
A3: Розподіл сегментів (value_counts)
A4: customer_segment | B4: count | C4: % від клієнтів
A5: =Best_Customers_name -> Best Customers | B5: =COUNTIF(RFM!$J$10:$J$998,A5) -> 169 | C5: =B5/$B$9 -> 0.17087968
A6: =Loyal_Customers_name -> Loyal Customers | B6: =COUNTIF(RFM!$J$10:$J$998,A6) -> 311 | C6: =B6/$B$9 -> 0.31445905
A7: =Average_Customers_name -> Average Customers | B7: =COUNTIF(RFM!$J$10:$J$998,A7) -> 324 | C7: =B7/$B$9 -> 0.32760364
A8: =Lost_Customers_name -> Lost Customers | B8: =COUNTIF(RFM!$J$10:$J$998,A8) -> 185 | C8: =B8/$B$9 -> 0.18705763
A9: Разом | B9: =SUM(B5:B8) -> 989 | C9: =SUM(C5:C8) -> 1
A11: Описова статистика (describe)
A12: stat | B12: recency | C12: frequency | D12: monetary
A13: count | B13: =COUNT(RFM!$B$10:$B$998) -> 989 | C13: =COUNT(RFM!$C$10:$C$998) -> 989 | D13: =COUNT(RFM!$D$10:$D$998) -> 989
A14: mean | B14: =AVERAGE(RFM!$B$10:$B$998) -> 68.338726 | C14: =AVERAGE(RFM!$C$10:$C$998) -> 5.0515672 | D14: =AVERAGE(RFM!$D$10:$D$998) -> 505.64842
A15: std | B15: =STDEV(RFM!$B$10:$B$998) -> 66.398072 | C15: =STDEV(RFM!$C$10:$C$998) -> 2.3249157 | D15: =STDEV(RFM!$D$10:$D$998) -> 242.6591
A16: min | B16: =MIN(RFM!$B$10:$B$998) -> 0 | C16: =MIN(RFM!$C$10:$C$998) -> 1 | D16: =MIN(RFM!$D$10:$D$998) -> 26.14
A17: 25% | B17: =QUARTILE(RFM!$B$10:$B$998,1) -> 18 | C17: =QUARTILE(RFM!$C$10:$C$998,1) -> 3 | D17: =QUARTILE(RFM!$D$10:$D$998,1) -> 319.6
A18: 50% | B18: =QUARTILE(RFM!$B$10:$B$998,2) -> 48 | C18: =QUARTILE(RFM!$C$10:$C$998,2) -> 5 | D18: =QUARTILE(RFM!$D$10:$D$998,2) -> 485.23
A19: 75% | B19: =QUARTILE(RFM!$B$10:$B$998,3) -> 96 | C19: =QUARTILE(RFM!$C$10:$C$998,3) -> 6 | D19: =QUARTILE(RFM!$D$10:$D$998,3) -> 655.72
A20: max | B20: =MAX(RFM!$B$10:$B$998) -> 346 | C20: =MAX(RFM!$C$10:$C$998) -> 14 | D20: =MAX(RFM!$D$10:$D$998) -> 1498.53
A22: Перевірки
A23: Транзакцій з amount>0 (Транзакції) | B23: =SUM(Transaction_DB!$E$2:$E$5001) -> 4996
A24: Сума frequency по всіх клієнтах (RFM) | B24: =SUM(RFM!$C$10:$C$998) -> 4996
A25: Збігається? | B25: =IF(B23=B24,"OK","ПОМИЛКА") -> OK

Sheet Логіка
A1: RFM-аналіз: логіка розрахунків у Excel
A3: Крок | B3: Що робить Python-код | C3: Де і як це в Excel
A4: 1. Дані | B4: Генерація 5000 транзакцій (seed=42), фільтр amount>0 | C4: Аркуш «Транзакції»: сирі дані (сині). Колонка E = IF(amount>0,1,0) — фільтр; колонка A — transaction_id.
A5: 2. Recency | B5: (analysis_date − max(дата)).days по клієнту | C5: RFM!B: =analysis_date − MAXIFS(дати; клієнт; included=1)
A6: 3. Frequency | B6: count транзакцій по клієнту | C6: RFM!C: =COUNTIFS(клієнт; included=1)
A7: 4. Monetary | B7: sum сум по клієнту | C7: RFM!D: =SUMIFS(суми; клієнт; included=1)
A8: 5. Квартилі | B8: pd.qcut(..., q=4) | C8: Параметри!B7:D9: =QUARTILE(колонка; 1/2/3). Бал: значення ≤Q1 → перша група, ≤Q2 → друга, ≤Q3 → третя, інакше четверта (як інтервали (a, b] у qcut).
A9: 6. Бали R, F, M | B9: labels [4,3,2,1] для R та [1,2,3,4] для F, M | C9: RFM!E:G: вкладені IF. Для Recency порядок обернений: менше днів = 4.
A10: 7. rfm_score | B10: Конкатенація R+F+M | C10: RFM!H: =E&F&G
A11: 8. rfm_value | B11: Середнє R, F, M | C11: RFM!I: =AVERAGE(E:G)
A12: 9. Сегмент | B12: ≥3.5 Best, ≥2.5 Loyal, ≥1.5 Average, інакше Lost | C12: RFM!J: вкладені IF з порогами з Параметри!B13:B15
A13: 10. Підсумок | B13: value_counts, describe, countplot | C13: Аркуш «Підсумок»: COUNTIF, AVERAGE/STDEV/QUARTILE, діаграма.
A15: Кольори
A16: Синій текст | B16: Вхідні дані / значення, введені вручну
A17: Чорний текст | B17: Формули
A18: Жовта заливка | B18: Ключові припущення (дата аналізу, пороги) — можна змінювати
A20: Примітка
A21: Список customer_id на аркуші RFM — це унікальні клієнти, що мають хоча б одну транзакцію (так само, як groupby у pandas; з 1000 згенерованих ID 11 не мають покупок). Якщо змінювати/додавати транзакції для нових клієнтів, додайте їх ID в RFM вручну.

Sheet Sheet1
I1: 1. Напиши SQL-код, щоб отримати датасет для аналізу, який містить дані:
I2: visit_cnt — унікальна кількість листів, яку відкрив акаунт;
I3: last_visit_date — дата останнього відкриття листа;
I4: revenue — будемо вважати, що в середньому з кожного відкритого листа користувача ми мали б отримали $10.
I5: 💡 До аналізу брати лише ті account_id в яких був хоча б один відкритий лист і в кого last_visit_date ≠ null. Приклад датасету:
A17: account
A18: Row | B18: id | C18: send_interval | D18: is_verified | E18: is_unsubscribed
A19: 1 | B19: 658133 | C19: 1 | D19: 0 | E19: 0
A20: 2 | B20: 658149 | C20: 1 | D20: 0 | E20: 0
A21: 3 | B21: 658181 | C21: 1 | D21: 0 | E21: 0
A22: 4 | B22: 658197 | C22: 1 | D22: 0 | E22: 0
A23: 5 | B23: 658213 | C23: 1 | D23: 0 | E23: 0
A24: 6 | B24: 681954 | C24: 1 | D24: 0 | E24: 0
A25: 7 | B25: 670740 | C25: 1 | D25: 0 | E25: 0
A26: 8 | B26: 670772 | C26: 1 | D26: 0 | E26: 0
A28: account_session
A29: Row | B29: account_id | C29: ga_session_id
A30: 1 | B30: 658069 | C30: 3875156546
A31: 2 | B31: 658085 | C31: 8966487941
A32: 3 | B32: 658101 | C32: 9313310091
A33: 4 | B33: 658117 | C33: 7589522695
A34: 5 | B34: 658149 | C34: 5112402120
A35: 6 | B35: 658165 | C35: 6495878389
A36: 7 | B36: 658181 | C36: 1360582398
A37: 8 | B37: 658197 | C37: 1361873884
A39: session
A40: Row | B40: date | C40: ga_session_id
A41: 1 | B41: 44136 | C41: 5760483956
A42: 2 | B42: 44136 | C42: 7115337200
A43: 3 | B43: 44136 | C43: 3978035233
A44: 4 | B44: 44136 | C44: 9648986282
A45: 5 | B45: 44136 | C45: 4393441533
A46: 6 | B46: 44136 | C46: 967742695
A47: 7 | B47: 44136 | C47: 1115082532
A48: 8 | B48: 44136 | C48: 6586349543
